customer_id,customer_name,email,registration_date,customer_type
1,Tanvi Iyer,tanvi.iyer1@outlook.com,2025-01-15 10:13:48,REGULAR
2,Rahul Iyer,rahul.iyer2@gmail.com,2026-07-06 07:09:23,REGULAR
3,Aarav Gupta,aarav.gupta3@gmail.com,2026-05-21 20:43:57,REGULAR
4,Tanvi Bhatt,tanvi.bhatt4@rediffmail.com,2026-07-04 09:25:01,REGULAR
5,Rajat Sharma,rajat.sharma5@yahoo.com,2025-10-18 12:12:24,REGULAR
6,Arjun Singh,arjun.singh6@outlook.com,2024-06-07 18:40:31,REGULAR
7,Vihaan Chopra,vihaan.chopra7@outlook.com,2024-03-08 11:56:59,PREMIUM
8,Rohan Iyer,rohan.iyer8@rediffmail.com,2024-05-02 09:53:03,REGULAR
9,Pooja Menon,pooja.menon9@outlook.com,2026-06-15 21:14:53,REGULAR
10,Aditya Verma,aditya.verma10@outlook.com,2024-05-03 22:51:37,PREMIUM
11,Rajat Iyer,rajat.iyer11@rediffmail.com,2025-07-20 17:55:46,REGULAR
12,Isha Singh,isha.singh12@gmail.com,2024-09-22 20:30:40,REGULAR
13,Ishaan Reddy,ishaan.reddy13@outlook.com,2026-05-15 04:35:29,REGULAR
14,Diya Verma,diya.verma14@gmail.com,2025-05-05 00:56:31,REGULAR
15,Aditya Singh,aditya.singh15@outlook.com,2024-11-26 07:17:31,PREMIUM
16,Myra Das,myra.das16@yahoo.com,2025-01-18 02:56:23,PREMIUM
17,Rohan Patel,rohan.patel17@rediffmail.com,2026-06-25 11:41:03,REGULAR
18,Ishaan Nair,ishaan.nair18@gmail.com,2024-03-14 04:37:32,PREMIUM
19,Arjun Reddy,arjun.reddy19@rediffmail.com,2026-07-15 11:44:25,REGULAR
20,Myra Menon,myra.menon20@outlook.com,2026-05-09 09:45:22,PREMIUM
21,Aarav Iyer,aarav.iyer21@outlook.com,2025-06-12 10:39:39,REGULAR
22,Sara Reddy,sara.reddy22@outlook.com,2026-02-16 15:12:10,PREMIUM
23,Neha Iyer,neha.iyer23@outlook.com,2026-02-27 15:02:38,PREMIUM
24,Arjun Chopra,arjun.chopra24@gmail.com,2026-07-19 10:16:21,REGULAR
25,Aarav Iyer,aarav.iyer25@outlook.com,2025-01-06 23:25:45,REGULAR
26,Karan Gupta,karan.gupta26@rediffmail.com,2024-04-17 12:25:46,VIP
27,Rohan Nair,rohan.nair27@rediffmail.com,2026-05-04 02:09:49,REGULAR
28,Neha Menon,neha.menon28@yahoo.com,2026-04-17 18:24:55,PREMIUM
29,Nisha Singh,nisha.singh29@rediffmail.com,2025-08-03 02:07:31,REGULAR
30,Neha Das,neha.das30@yahoo.com,2024-04-09 11:03:30,REGULAR
31,Karan Bhatt,karan.bhatt31@yahoo.com,2024-01-12 04:05:38,REGULAR
32,Tanvi Verma,tanvi.verma32@gmail.com,2025-05-28 07:16:01,REGULAR
33,Ishaan Patel,ishaan.patel33@yahoo.com,2026-04-17 16:05:53,REGULAR
34,Karan Ahluwalia,karan.ahluwalia34@rediffmail.com,2025-09-24 08:17:43,REGULAR
35,Vihaan Rao,vihaan.rao35@rediffmail.com,2025-12-26 11:56:29,PREMIUM
36,Vivaan Iyer,vivaan.iyer36@outlook.com,2024-06-18 17:50:41,REGULAR
37,Reyansh Bhatt,reyansh.bhatt37@rediffmail.com,2024-10-12 00:55:47,REGULAR
38,Ishaan Gupta,ishaan.gupta38@gmail.com,2024-03-19 14:04:10,PREMIUM
39,Rohan Sharma,rohan.sharma39@yahoo.com,2024-09-15 08:31:39,REGULAR
40,Priya Singh,priya.singh40@gmail.com,2024-09-12 18:07:00,REGULAR
41,Myra Patel,myra.patel41@rediffmail.com,2025-03-19 02:51:43,REGULAR
42,Rahul Bhatt,rahul.bhatt42@rediffmail.com,2024-08-28 11:14:38,REGULAR
43,Reyansh Verma,reyansh.verma43@gmail.com,2025-05-02 04:02:05,REGULAR
44,Karan Bose,karan.bose44@yahoo.com,2024-03-29 08:37:27,VIP
45,Aditya Reddy,aditya.reddy45@gmail.com,2024-12-31 09:02:12,REGULAR
46,Karan Khan,karan.khan46@gmail.com,2024-05-07 08:33:46,REGULAR
47,Karan Ahluwalia,karan.ahluwalia47@outlook.com,2024-11-13 07:20:05,PREMIUM
48,Diya Khan,diya.khan48@yahoo.com,2025-04-11 00:42:06,REGULAR
49,Simran Gupta,simran.gupta49gmail.com,2024-04-23 19:21:27,REGULAR
50,Neha Patel,neha.patel50@outlook.com,2024-04-16 20:43:33,PREMIUM
51,Isha Mehta,isha.mehta51@outlook.com,2026-04-01 16:20:18,REGULAR
52,Pooja Bhatt,pooja.bhatt52@gmail.com,2024-07-27 14:44:08,REGULAR
53,Vihaan Bhatt,vihaan.bhatt53@outlook.com,2026-07-28 13:41:25,REGULAR
54,Diya Singh,diya.singh54@outlook.com,2026-02-24 03:00:55,REGULAR
55,Rajat Verma,rajat.verma55@rediffmail.com,2025-03-05 19:23:11,REGULAR
56,Diya Nair,diya.nair56@outlook.com,2024-09-08 00:12:45,PREMIUM
57,Rohan Rao,rohan.rao57@gmail.com,2024-04-26 21:17:39,VIP
58,Nisha Nair,nisha.nair58@outlook.com,2026-06-23 21:31:50,REGULAR
59,Sara Nair,sara.nair59@outlook.com,2024-03-02 23:23:19,PREMIUM
60,Reyansh Khan,reyansh.khan60@outlook.com,2026-05-19 17:58:13,PREMIUM
61,Sara Menon,sara.menon61@yahoo.com,2024-09-09 10:30:17,VIP
62,Aman Reddy,aman.reddy62@gmail.com,2024-10-05 15:03:00,PREMIUM
63,Diya Rao,diya.rao63@yahoo.com,2025-02-18 11:14:16,REGULAR
64,Nisha Iyer,nisha.iyer64@gmail.com,2026-01-01 04:35:45,REGULAR
65,Pooja Das,pooja.das65@yahoo.com,2024-12-12 07:11:32,REGULAR
66,Reyansh Joshi,reyansh.joshi66@gmail.com,2025-03-09 14:32:02,REGULAR
67,Neha Joshi,neha.joshi67@outlook.com,2024-02-12 21:01:21,REGULAR
68,Kabir Reddy,kabir.reddy68@outlook.com,2024-02-29 10:19:54,REGULAR
69,Sara Chopra,sara.chopra69@outlook.com,2025-11-08 21:56:35,PREMIUM
70,Neha Iyer,neha.iyer70@yahoo.com,2025-01-30 16:44:36,REGULAR
71,Sara Sharma,sara.sharma71@yahoo.com,2025-07-19 19:09:38,REGULAR
72,Yash Kapoor,yash.kapoor72@gmail.com,2025-04-11 12:49:32,REGULAR
73,Yash Rao,yash.rao73@outlook.com,2026-05-11 05:59:43,REGULAR
74,Sara Joshi,sara.joshi74@yahoo.com,2026-06-03 01:46:54,REGULAR
75,Rohan Sharma,rohan.sharma75@yahoo.com,2025-10-29 19:23:30,PREMIUM
76,Meera Kapoor,meera.kapoor76@rediffmail.com,2024-11-27 23:21:56,REGULAR
77,Aman Reddy,aman.reddy77@outlook.com,2026-03-11 17:26:37,PREMIUM
78,Meera Kapoor,meera.kapoor78@yahoo.com,2025-04-27 05:16:35,REGULAR
79,Reyansh Nair,reyansh.nair79@yahoo.com,2026-01-08 02:22:00,PREMIUM
80,Simran Gupta,simran.gupta80@yahoo.com,2025-08-19 11:45:17,REGULAR
81,Ishaan Nair,ishaan.nair81@gmail.com,2024-06-14 13:51:44,PREMIUM
82,Ishaan Reddy,ishaan.reddy82@rediffmail.com,2024-03-19 00:16:37,REGULAR
83,Rajat Iyer,rajat.iyer83@rediffmail.com,2026-04-05 02:01:54,VIP
84,Meera Kapoor,meera.kapoor84@rediffmail.com,2026-02-23 03:29:38,REGULAR
85,Rohan Das,rohan.das85@rediffmail.com,2025-11-30 03:49:00,REGULAR
86,Ishaan Patel,ishaan.patel86@rediffmail.com,2025-01-06 15:43:56,REGULAR
87,Aditya Mehta,aditya.mehta87@outlook.com,2025-05-11 15:38:11,PREMIUM
88,Aditya Nair,aditya.nair88@rediffmail.com,2024-08-25 08:59:35,PREMIUM
89,Aditya Rao,aditya.rao89@rediffmail.com,2025-10-07 21:11:13,REGULAR
90,Pooja Rao,pooja.rao90@gmail.com,2026-06-13 07:17:30,REGULAR
91,Aarav Chopra,aarav.chopra91@rediffmail.com,2025-10-12 22:14:44,REGULAR
92,Rahul Bhatt,rahul.bhatt92@yahoo.com,2026-01-28 10:30:51,REGULAR
93,Sara Bose,sara.bose93@outlook.com,2025-09-20 02:01:04,PREMIUM
94,Pooja Das,pooja.das94@gmail.com,2025-09-04 02:08:23,REGULAR
95,Yash Sharma,yash.sharma95@rediffmail.com,2024-07-29 19:14:36,PREMIUM
96,Sai Verma,sai.verma96@outlook.com,2024-11-24 19:16:02,REGULAR
97,Diya Joshi,diya.joshi97@rediffmail.com,2025-01-26 21:21:51,PREMIUM
98,Priya Sharma,priya.sharma98@gmail.com,2025-06-27 15:28:02,REGULAR
99,Aditya Verma,aditya.verma99@yahoo.com,2024-11-05 16:42:17,PREMIUM
100,Meera Nair,meera.nair100@rediffmail.com,2024-06-26 16:44:51,REGULAR
101,Reyansh Das,reyansh.das101@outlook.com,2024-09-17 15:37:57,PREMIUM
102,Rahul Iyer,rahul.iyer102@yahoo.com,2025-04-28 04:22:17,REGULAR
103,Aarav Mehta,aarav.mehta103@rediffmail.com,2025-09-08 04:20:57,VIP
104,Reyansh Gupta,reyansh.gupta104@yahoo.com,2024-06-07 07:09:21,PREMIUM
105,Ananya Menon,ananya.menon105@gmail.com,2025-06-23 08:41:40,REGULAR
106,Yash Chopra,yash.chopra106@outlook.com,2024-01-20 15:42:22,PREMIUM
107,Pooja Bose,pooja.bose107@outlook.com,2025-12-15 04:19:30,PREMIUM
108,Sara Reddy,sara.reddy108@outlook.com,2026-04-16 00:32:24,PREMIUM
109,Aisha Rao,aisha.rao109@outlook.com,2025-05-15 16:23:08,PREMIUM
110,Pooja Gupta,pooja.gupta110@rediffmail.com,2025-01-13 19:53:16,PREMIUM
111,Karan Menon,karan.menon111@outlook.com,2024-02-14 14:00:48,REGULAR
112,Diya Reddy,diya.reddy112@outlook.com,2025-02-05 08:04:33,REGULAR
113,Meera Patel,meera.patel113@yahoo.com,2024-05-12 23:52:57,REGULAR
114,Sara Bose,sara.bose114@yahoo.com,2026-01-09 14:02:15,PREMIUM
115,Priya Das,priya.das115@gmail.com,2025-04-02 01:53:51,REGULAR
116,Nisha Khan,nisha.khan116@outlook.com,2026-01-05 04:25:47,REGULAR
117,Isha Rao,isha.rao117@outlook.com,2025-06-30 12:26:49,PREMIUM
118,Kabir Mehta,kabir.mehta118@gmail.com,2024-10-26 04:03:46,REGULAR
119,Rahul Bhatt,rahul.bhatt119@yahoo.com,2024-10-24 13:09:54,REGULAR
120,Priya Patel,priya.patel120@outlook.com,2024-06-05 03:53:05,PREMIUM
121,Ananya Khan,ananya.khan121@outlook.com,2024-01-22 23:29:21,PREMIUM
122,Arjun Patel,arjun.patel122@gmail.com,2026-05-09 14:43:03,REGULAR
123,Arjun Bose,arjun.bose123@gmail.com,2026-06-10 18:39:55,REGULAR
124,Priya Das,priya.das124@gmail.com,2025-01-27 05:04:35,VIP
125,Priya Iyer,priya.iyer125@rediffmail.com,2026-02-02 21:38:26,REGULAR
126,Tanvi Verma,tanvi.verma126@outlook.com,2024-05-12 07:46:27,VIP
127,Vihaan Bhatt,vihaan.bhatt127@yahoo.com,2026-03-22 18:54:58,REGULAR
128,Aisha Mehta,aisha.mehta128@rediffmail.com,2025-04-19 09:24:02,REGULAR
129,Vivaan Menon,vivaan.menon129@gmail.com,2024-11-18 18:53:40,PREMIUM
130,Kabir Gupta,kabir.gupta130@yahoo.com,2026-05-07 11:45:45,REGULAR
131,Aarav Rao,aarav.rao131@rediffmail.com,2025-03-28 10:56:00,REGULAR
132,Ananya Mehta,ananya.mehta132@rediffmail.com,2024-04-20 13:46:25,PREMIUM
133,Kabir Ahluwalia,kabir.ahluwalia133@yahoo.com,2025-10-22 10:19:46,REGULAR
134,Ishaan Nair,ishaan.nair134@yahoo.com,2024-04-20 22:21:06,REGULAR
135,Aman Mehta,aman.mehta135@outlook.com,2025-11-13 04:49:38,REGULAR
136,Nisha Mehta,nisha.mehta136@outlook.com,2026-02-16 10:57:18,REGULAR
137,Aisha Gupta,aisha.gupta137@rediffmail.com,2025-05-15 17:01:10,PREMIUM
138,Aarav Gupta,aarav.gupta138@gmail.com,2025-02-22 16:05:57,REGULAR
139,Simran Reddy,simran.reddy139@rediffmail.com,2025-03-08 02:25:43,REGULAR
140,Karan Rao,karan.rao140@rediffmail.com,2024-05-21 17:45:48,REGULAR
141,Sara Kapoor,sara.kapoor141@gmail.com,2024-09-06 19:59:06,REGULAR
142,Nisha Bose,nisha.bose142@rediffmail.com,2026-05-04 13:05:17,REGULAR
143,Aditya Kapoor,aditya.kapoor143@gmail.com,2025-09-19 20:44:17,PREMIUM
144,Pooja Sharma,pooja.sharma144@rediffmail.com,2025-10-03 22:59:10,REGULAR
145,Neha Chopra,neha.chopra145@rediffmail.com,2025-11-17 16:28:52,PREMIUM
146,Reyansh Patel,reyansh.patel146@outlook.com,2025-11-11 14:09:06,PREMIUM
147,Priya Iyer,priya.iyer147@yahoo.com,2024-09-03 00:45:57,REGULAR
148,Aarav Bhatt,aarav.bhatt148@yahoo.com,2024-06-25 06:08:13,REGULAR
149,Vihaan Nair,vihaan.nair149@outlook.com,2026-03-01 12:07:25,PREMIUM
150,Sara Bose,sara.bose150@yahoo.com,2025-12-10 14:14:02,REGULAR
151,Myra Singh,myra.singh151@yahoo.com,2024-04-18 10:42:30,REGULAR
152,Aman Rao,aman.rao152@outlook.com,2024-01-04 23:38:23,REGULAR
153,Ananya Ahluwalia,ananya.ahluwalia153@rediffmail.com,2024-08-18 20:02:19,REGULAR
154,Priya Chopra,priya.chopra154@rediffmail.com,2025-12-08 08:28:39,VIP
155,Rajat Singh,rajat.singh155@yahoo.com,2026-06-07 06:09:40,REGULAR
156,Rajat Rao,rajat.rao156@rediffmail.com,2025-08-15 05:19:38,REGULAR
157,Yash Nair,yash.nair157@gmail.com,2024-07-15 02:48:07,REGULAR
158,Karan Kapoor,karan.kapoor158@rediffmail.com,2024-06-03 21:31:17,REGULAR
159,Aisha Sharma,aisha.sharma159@rediffmail.com,2024-08-27 19:00:12,REGULAR
160,Aman Patel,aman.patel160@rediffmail.com,2024-05-04 18:22:19,PREMIUM
161,Rajat Bhatt,rajat.bhatt161@outlook.com,2026-01-28 00:00:02,PREMIUM
162,Vivaan Menon,vivaan.menon162@outlook.com,2024-12-19 09:18:11,PREMIUM
163,Sara Iyer,sara.iyer163@gmail.com,2025-11-20 05:32:07,REGULAR
164,Ananya Sharma,ananya.sharma164@gmail.com,2025-03-31 17:32:36,REGULAR
165,Sara Nair,sara.nair165@rediffmail.com,2026-05-29 03:19:38,PREMIUM
166,Sai Reddy,sai.reddy166@rediffmail.com,2025-01-09 02:47:07,REGULAR
167,Karan Nair,karan.nair167@outlook.com,2025-12-14 22:01:48,REGULAR
168,Aarav Das,aarav.das168@yahoo.com,2024-04-24 17:46:16,REGULAR
169,Isha Ahluwalia,isha.ahluwalia169@rediffmail.com,2025-01-23 12:20:15,REGULAR
170,Ananya Singh,ananya.singh170@rediffmail.com,2024-06-14 16:19:19,REGULAR
171,Karan Chopra,karan.chopra171@outlook.com,2024-02-04 01:58:02,VIP
172,Yash Joshi,yash.joshi172@gmail.com,2026-02-10 15:20:07,PREMIUM
173,Ananya Khan,ananya.khan173@outlook.com,2024-12-06 05:04:51,PREMIUM
174,Meera Patel,meera.patel174@yahoo.com,2024-05-30 22:32:01,VIP
175,Tanvi Verma,tanvi.verma175@rediffmail.com,2024-02-21 19:55:11,REGULAR
176,Rahul Nair,rahul.nair176@outlook.com,2025-05-22 12:58:18,PREMIUM
177,Sai Singh,sai.singh177@outlook.com,2026-04-04 15:36:39,REGULAR
178,Kabir Reddy,kabir.reddy178@rediffmail.com,2025-04-03 11:40:14,PREMIUM
179,Diya Iyer,diya.iyer179@gmail.com,2024-08-06 15:48:06,PREMIUM
180,Ishaan Joshi,ishaan.joshi180@outlook.com,2024-05-20 06:44:06,PREMIUM
181,Aarav Patel,aarav.patel181@rediffmail.com,2025-07-26 13:52:09,PREMIUM
182,Yash Patel,yash.patel182@outlook.com,2024-06-17 07:26:07,PREMIUM
183,Priya Sharma,priya.sharma183@outlook.com,2024-12-09 21:10:02,PREMIUM
184,Tanvi Das,tanvi.das184@outlook.com,2025-09-26 06:22:22,REGULAR
185,Vivaan Verma,vivaan.verma185@rediffmail.com,2024-06-29 09:17:07,REGULAR
186,Rohan Nair,rohan.nair186@outlook.com,2026-04-19 03:50:09,REGULAR
187,Rahul Nair,rahul.nair187@gmail.com,2026-01-30 04:10:47,PREMIUM
188,Kabir Verma,kabir.verma188@yahoo.com,2025-11-19 18:31:10,REGULAR
189,Ishaan Chopra,ishaan.chopra189@outlook.com,2026-04-25 19:09:30,VIP
190,Tanvi Chopra,tanvi.chopra190@outlook.com,2024-10-21 20:34:33,VIP
191,Rajat Das,rajat.das191@yahoo.com,2026-07-16 15:12:53,VIP
192,Vivaan Kapoor,vivaan.kapoor192@yahoo.com,2026-05-27 00:59:33,REGULAR
193,Pooja Bhatt,pooja.bhatt193@yahoo.com,2024-12-27 22:49:13,REGULAR
194,Arjun Menon,arjun.menon194gmail.com,2024-07-20 22:27:28,REGULAR
195,Aman Reddy,aman.reddy195@gmail.com,2024-07-23 17:58:50,REGULAR
196,Aman Khan,aman.khan196@gmail.com,2024-09-27 16:22:09,REGULAR
197,Arjun Rao,arjun.rao197@gmail.com,2026-01-09 19:44:11,REGULAR
198,Isha Malhotra,isha.malhotra198@rediffmail.com,2026-02-21 16:28:04,REGULAR
199,Meera Verma,meera.verma199@outlook.com,2025-12-12 13:03:46,PREMIUM
200,Aarav Verma,aarav.verma200@rediffmail.com,2025-10-24 04:37:56,PREMIUM
201,Priya Das,priya.das201@gmail.com,2025-05-15 09:11:56,PREMIUM
202,Aditya Nair,aditya.nair202@outlook.com,2025-08-14 17:08:42,VIP
203,Neha Mehta,neha.mehta203@rediffmail.com,2024-06-03 01:38:27,PREMIUM
204,Vihaan Bhatt,vihaan.bhatt204@yahoo.com,2025-10-30 02:10:10,REGULAR
205,Ishaan Rao,ishaan.rao205@rediffmail.com,2025-09-11 09:44:19,REGULAR
206,Vihaan Kapoor,vihaan.kapoor206@outlook.com,2025-08-04 10:57:12,VIP
207,Yash Bose,yash.bose207@gmail.com,2024-05-24 19:52:12,REGULAR
208,Rahul Chopra,rahul.chopra208@gmail.com,2026-06-30 01:00:10,VIP
209,Rohan Kapoor,rohan.kapoor209@rediffmail.com,2025-07-03 07:05:30,PREMIUM
210,Simran Rao,simran.rao210@gmail.com,2025-03-22 19:36:05,PREMIUM
211,Isha Iyer,isha.iyer211@yahoo.com,2024-08-28 08:45:32,PREMIUM
212,Ishaan Iyer,ishaan.iyer212@outlook.com,2024-06-27 11:14:05,PREMIUM
213,Karan Khan,karan.khan213@gmail.com,2025-02-19 11:10:26,REGULAR
214,Kabir Mehta,kabir.mehta214@outlook.com,2024-01-10 11:38:25,REGULAR
215,Arjun Ahluwalia,arjun.ahluwalia215@gmail.com,2024-08-08 09:28:13,PREMIUM
216,Aarav Gupta,aarav.gupta216@yahoo.com,2025-08-07 09:32:38,REGULAR
217,Diya Reddy,diya.reddy217@outlook.com,2026-05-31 17:25:17,REGULAR
218,Vivaan Nair,vivaan.nair218@gmail.com,2024-05-06 17:34:47,REGULAR
219,Yash Rao,yash.rao219@rediffmail.com,2025-10-05 09:53:20,REGULAR
220,Simran Malhotra,simran.malhotra220@rediffmail.com,2024-06-21 06:16:13,REGULAR
221,Yash Ahluwalia,yash.ahluwalia221@outlook.com,2024-03-11 13:16:55,REGULAR
222,Meera Verma,meera.verma222@,2024-11-24 03:22:24,PREMIUM
223,Simran Patel,simran.patel223@gmail.com,2024-01-13 00:11:30,REGULAR
224,Sara Reddy,sara.reddy224@yahoo.com,2026-02-16 03:07:55,REGULAR
225,Yash Chopra,yash.chopra225@gmail.com,2025-11-08 15:26:43,REGULAR
226,Aditya Kapoor,aditya.kapoor226@rediffmail.com,2025-10-10 20:45:34,REGULAR
227,Myra Sharma,myra.sharma227@yahoo.com,2025-12-15 17:39:20,PREMIUM
228,Isha Gupta,isha.gupta228@gmail.com,2025-01-12 23:29:44,REGULAR
229,Myra Malhotra,myra.malhotra229@outlook.com,2025-06-11 09:58:21,REGULAR
230,Simran Reddy,simran.reddy230@gmail.com,2026-04-04 06:22:53,REGULAR
231,Simran Chopra,simran.chopra231@yahoo.com,2025-01-02 00:44:28,REGULAR
232,Kabir Singh,kabir.singh232@yahoo.com,2024-04-27 01:22:25,REGULAR
233,Simran Bose,simran.bose233@rediffmail.com,2026-05-26 21:46:44,PREMIUM
234,Meera Kapoor,meera.kapoor234@outlook.com,2024-08-22 12:05:59,REGULAR
235,Priya Das,priya.das235@outlook.com,2026-07-07 17:43:36,REGULAR
236,Neha Gupta,neha.gupta236@rediffmail.com,2024-02-28 10:05:59,REGULAR
237,Pooja Mehta,pooja.mehta237@gmail.com,2026-07-11 20:54:03,REGULAR
238,Aisha Ahluwalia,aisha.ahluwalia238@gmail.com,2025-11-29 15:17:15,VIP
239,Karan Singh,karan.singh239@rediffmail.com,2026-02-17 20:19:40,REGULAR
240,Vivaan Das,vivaan.das240@outlook.com,2024-05-11 00:01:04,REGULAR
241,Sai Verma,sai.verma241@rediffmail.com,2025-11-13 14:49:54,REGULAR
242,Meera Reddy,meera.reddy242@outlook.com,2025-08-24 19:56:10,REGULAR
243,Diya Menon,diya.menon243@outlook.com,2024-04-12 09:22:19,REGULAR
244,Rohan Joshi,rohan.joshi244@yahoo.com,2025-06-01 20:38:15,REGULAR
245,Yash Nair,yash.nair245@outlook.com,2025-08-31 21:15:10,REGULAR
246,Nisha Gupta,nisha.gupta246@rediffmail.com,2025-05-25 06:29:36,PREMIUM
247,Yash Malhotra,yash.malhotra247@rediffmail.com,2026-02-28 21:49:29,REGULAR
248,Isha Mehta,isha.mehta248@yahoo.com,2025-06-14 20:42:18,VIP
249,Priya Singh,priya.singh249@yahoo.com,2024-08-28 16:46:29,REGULAR
250,Rajat Iyer,rajat.iyer250@gmail.com,2025-06-07 03:29:08,PREMIUM
251,Meera Nair,meera.nair251@yahoo.com,2024-09-09 01:00:52,REGULAR
252,Nisha Menon,nisha.menon252@yahoo.com,2025-11-10 21:38:50,REGULAR
253,Isha Khan,isha.khan253@outlook.com,2025-11-28 09:14:51,REGULAR
254,Ishaan Mehta,ishaan.mehta254@rediffmail.com,2024-10-28 09:26:50,REGULAR
255,Karan Das,karan.das255@outlook.com,2025-08-16 05:14:10,REGULAR
256,Sara Reddy,sara.reddy256@yahoo.com,2025-01-23 08:47:43,REGULAR
257,Priya Chopra,priya.chopra257@gmail.com,2026-03-12 10:29:45,PREMIUM
258,Ananya Gupta,ananya.gupta258@outlook.com,2025-11-28 23:50:04,VIP
259,Arjun Rao,arjun.rao259@yahoo.com,2025-12-01 19:16:13,PREMIUM
260,Aarav Rao,aarav.rao260@outlook.com,2025-01-01 06:26:37,REGULAR
261,Aditya Chopra,aditya.chopra261@outlook.com,2024-06-02 22:05:11,PREMIUM
262,Tanvi Kapoor,tanvi.kapoor262@yahoo.com,2024-02-29 12:02:47,REGULAR
263,Pooja Bose,pooja.bose263@yahoo.com,2025-12-29 17:41:35,REGULAR
264,Aarav Gupta,aarav.gupta264gmail.com,2024-08-20 06:29:43,REGULAR
265,Rahul Menon,rahul.menon265@gmail.com,2025-03-23 13:12:19,REGULAR
266,Vihaan Verma,vihaan.verma266@rediffmail.com,2024-04-07 13:37:13,REGULAR
267,Priya Menon,priya.menon267@yahoo.com,2024-08-11 00:55:57,REGULAR
268,Aarav Menon,aarav.menon268@rediffmail.com,2024-10-17 23:34:07,PREMIUM
269,Aditya Malhotra,aditya.malhotra269@gmail.com,2026-03-28 04:55:03,REGULAR
270,Aman Malhotra,aman.malhotra270@rediffmail.com,2025-12-31 07:54:22,REGULAR
271,Myra Chopra,myra.chopra271@gmail.com,2025-07-08 17:25:28,PREMIUM
272,Isha Khan,isha.khan272@gmail.com,2026-06-22 22:55:41,PREMIUM
273,Diya Nair,diya.nair273@outlook.com,2024-09-28 23:47:44,PREMIUM
274,Yash Das,yash.das274@rediffmail.com,2024-10-10 03:48:58,PREMIUM
275,Aditya Das,aditya.das275@yahoo.com,2024-03-09 01:12:58,PREMIUM
276,Vivaan Kapoor,vivaan.kapoor276@rediffmail.com,2026-04-23 13:39:06,REGULAR
277,Vivaan Singh,vivaan.singh277@gmail.com,2025-05-30 15:02:57,REGULAR
278,Aman Chopra,aman.chopra278@rediffmail.com,2025-11-14 02:34:11,PREMIUM
279,Myra Kapoor,myra.kapoor279@rediffmail.com,2026-02-11 21:00:59,REGULAR
280,Aman Malhotra,aman.malhotra280@gmail.com,2025-10-21 10:29:40,REGULAR
281,Meera Reddy,meera.reddy281@outlook.com,2024-06-08 09:07:38,REGULAR
282,Yash Mehta,yash.mehta282@rediffmail.com,2024-09-15 20:58:02,PREMIUM
283,Isha Das,isha.das283@outlook.com,2025-11-06 15:45:26,REGULAR
284,Aman Verma,aman.verma284@rediffmail.com,2025-07-18 09:13:14,REGULAR
285,Rahul Reddy,rahul.reddy285@yahoo.com,2025-11-11 16:16:01,REGULAR
286,Aditya Khan,aditya.khan286@outlook.com,2025-07-16 13:57:08,REGULAR
287,Karan Verma,karan.verma287@rediffmail.com,2025-07-30 06:33:33,REGULAR
288,Simran Gupta,simran.gupta288@outlook.com,2025-09-10 07:47:05,REGULAR
289,Kabir Khan,kabir.khan289@gmail.com,2024-10-16 00:22:26,REGULAR
290,Myra Bhatt,myra.bhatt290@outlook.com,2025-11-24 06:16:03,REGULAR
291,Meera Mehta,meera.mehta291@rediffmail.com,2024-11-06 23:11:22,REGULAR
292,Rajat Gupta,rajat.gupta292@rediffmail.com,2024-05-16 09:04:33,PREMIUM
293,Rajat Kapoor,rajat.kapoor293@gmail.com,2026-05-04 09:22:47,REGULAR
294,Ananya Reddy,ananya.reddy294@yahoo.com,2025-07-15 13:24:19,REGULAR
295,Vihaan Singh,vihaan.singh295@yahoo.com,2026-02-06 10:28:22,REGULAR
296,Rohan Ahluwalia,rohan.ahluwalia296@yahoo.com,2024-05-13 22:20:46,REGULAR
297,Myra Bose,myra.bose297@rediffmail.com,2026-06-12 01:50:40,REGULAR
298,Diya Gupta,diya.gupta298@outlook.com,2024-07-18 08:39:39,PREMIUM
299,Simran Bhatt,simran.bhatt299@yahoo.com,2024-07-19 10:41:50,REGULAR
300,Rajat Verma,rajat.verma300@yahoo.com,2025-04-17 10:35:05,REGULAR
301,Diya Khan,diya.khan301@outlook.com,2024-05-02 12:06:37,REGULAR
302,Tanvi Bhatt,tanvi.bhatt302@outlook.com,2026-04-08 17:30:09,REGULAR
303,Tanvi Reddy,tanvi.reddy303@yahoo.com,2024-09-22 22:49:18,PREMIUM
304,Rahul Menon,rahul.menon304@gmail.com,2024-02-14 01:50:25,REGULAR
305,Tanvi Ahluwalia,tanvi.ahluwalia305@yahoo.com,2026-06-07 18:49:15,REGULAR
306,Tanvi Sharma,tanvi.sharma306@outlook.com,2025-04-14 06:53:05,REGULAR
307,Aman Joshi,aman.joshi307@gmail.com,2024-04-03 01:43:11,REGULAR
308,Sara Bose,sara.bose308@outlook.com,2024-08-11 04:21:25,REGULAR
309,Nisha Kapoor,nisha.kapoor309@outlook.com,2025-09-11 09:13:57,REGULAR
310,Isha Malhotra,isha.malhotra310@outlook.com,2025-01-10 12:38:26,REGULAR
311,Kabir Das,kabir.das311@gmail.com,2024-03-19 14:42:07,REGULAR
312,Myra Menon,myra.menon312@yahoo.com,2025-05-23 15:41:31,VIP
313,Rahul Kapoor,rahul.kapoor313@yahoo.com,2026-02-13 00:41:08,VIP
314,Aisha Bose,aisha.bose314@rediffmail.com,2024-02-06 00:04:30,REGULAR
315,Myra Malhotra,myra.malhotra315@yahoo.com,2024-11-30 05:09:55,REGULAR
316,Vivaan Verma,vivaan.verma316@rediffmail.com,2025-03-19 21:28:18,REGULAR
317,Rajat Iyer,rajat.iyer317@outlook.com,2025-07-22 05:10:43,PREMIUM
318,Isha Verma,isha.verma318@yahoo.com,2025-07-17 03:51:57,REGULAR
319,Aditya Joshi,aditya.joshi319@outlook.com,2024-07-03 13:35:45,REGULAR
320,Vihaan Joshi,vihaan.joshi320@outlook.com,2026-05-16 13:28:41,VIP
321,Simran Nair,simran.nair321@rediffmail.com,2026-02-15 20:15:20,REGULAR
322,Vivaan Nair,vivaan.nair322@rediffmail.com,2026-03-17 18:07:36,REGULAR
323,Meera Malhotra,meera.malhotra323@outlook.com,2024-09-09 10:30:55,REGULAR
324,Meera Mehta,meera.mehta324@rediffmail.com,2026-05-24 11:20:15,REGULAR
325,Pooja Sharma,pooja.sharma325@gmail.com,2025-10-09 01:44:48,REGULAR
326,Aman Sharma,aman.sharma326@outlook.com,2026-06-17 15:05:10,REGULAR
327,Rahul Verma,rahul.verma327@yahoo.com,2026-03-25 08:47:52,PREMIUM
328,Meera Joshi,meera.joshi328@yahoo.com,2024-02-19 01:02:02,REGULAR
329,Nisha Iyer,nisha.iyer329@rediffmail.com,2025-05-02 07:18:12,REGULAR
330,Sara Singh,sara.singh330@rediffmail.com,2024-04-06 18:00:52,PREMIUM
331,Neha Singh,neha.singh331@rediffmail.com,2026-03-27 07:12:29,REGULAR
332,Sai Das,sai.das332@outlook.com,2026-04-28 14:32:30,REGULAR
333,Simran Patel,simran.patel333@yahoo.com,2025-01-17 22:53:58,REGULAR
334,Ananya Khan,ananya.khan334@outlook.com,2025-03-24 22:51:18,PREMIUM
335,Nisha Bose,nisha.bose335@outlook.com,2026-05-20 16:29:30,VIP
336,Aman Patel,aman.patel336@rediffmail.com,2025-09-04 21:14:09,PREMIUM
337,Simran Nair,simran.nair337@outlook.com,2024-05-02 18:25:51,REGULAR
338,Aisha Patel,aisha.patel338@yahoo.com,2024-11-09 21:38:28,PREMIUM
339,Kabir Bhatt,kabir.bhatt339@yahoo.com,2024-06-18 16:15:43,PREMIUM
340,Karan Khan,karan.khan340@yahoo.com,2024-12-27 16:46:34,REGULAR
341,Sara Kapoor,sara.kapoor341@gmail.com,2024-08-01 13:08:33,REGULAR
342,Rohan Reddy,rohan.reddy342@rediffmail.com,2026-01-11 16:34:15,PREMIUM
343,Simran Mehta,simran.mehta343@gmail.com,2024-05-18 23:20:14,PREMIUM
344,Ishaan Bhatt,ishaan.bhatt344@gmail.com,2024-09-28 22:53:16,REGULAR
345,Pooja Reddy,pooja.reddy345@gmail.com,2025-09-08 17:01:49,PREMIUM
346,Sai Mehta,sai.mehta346@gmail.com,2025-04-08 12:52:04,REGULAR
347,Vihaan Kapoor,vihaan.kapoor347@rediffmail.com,2024-07-27 11:20:11,PREMIUM
348,Aisha Patel,aisha.patel348@gmail.com,2025-05-28 16:47:48,REGULAR
349,Aisha Patel,aisha.patel349@gmail.com,2025-06-07 16:27:10,PREMIUM
350,Karan Singh,karan.singh350@rediffmail.com,2025-10-26 09:55:58,REGULAR
351,Aditya Joshi,aditya.joshi351@yahoo.com,2024-08-06 10:23:26,REGULAR
352,Ishaan Sharma,ishaan.sharma352@yahoo.com,2025-11-24 23:30:26,PREMIUM
353,Diya Mehta,diya.mehta353@gmail.com,2025-02-10 07:24:29,PREMIUM
354,Nisha Khan,nisha.khan354@gmail.com,2025-12-23 23:10:58,REGULAR
355,Myra Malhotra,myra.malhotra355@outlook.com,2024-07-01 09:34:34,PREMIUM
356,Ananya Chopra,ananya.chopra356@yahoo.com,2024-07-26 11:48:18,REGULAR
357,Aisha Menon,aisha.menon357@rediffmail.com,2026-04-15 00:06:42,PREMIUM
358,Pooja Singh,pooja.singh358@gmail.com,2026-03-27 08:18:29,REGULAR
359,Nisha Chopra,nisha.chopra359@gmail.com,2024-04-05 22:30:24,PREMIUM
360,Neha Singh,neha.singh360@yahoo.com,2024-09-12 14:23:23,REGULAR
361,Neha Das,neha.das361@yahoo.com,2026-06-24 21:19:16,REGULAR
362,Neha Das,neha.das362@rediffmail.com,2024-07-23 23:14:29,REGULAR
363,Aisha Ahluwalia,aisha.ahluwalia363@rediffmail.com,2025-04-23 17:23:38,PREMIUM
364,Myra Patel,myra.patel364@yahoo.com,2026-06-17 09:00:24,REGULAR
365,Sara Chopra,sara.chopra365@gmail.com,2024-04-17 05:13:12,VIP
366,Priya Verma,priya.verma366@yahoo.com,2024-07-29 09:09:14,PREMIUM
367,Rahul Rao,rahul.rao367@rediffmail.com,2025-11-27 18:40:34,PREMIUM
368,Myra Joshi,myra.joshi368@yahoo.com,2025-06-24 05:48:04,REGULAR
369,Rohan Joshi,rohan.joshi369@yahoo.com,2024-01-06 09:29:37,PREMIUM
370,Ananya Das,ananya.das370@rediffmail.com,2026-04-06 07:55:20,REGULAR
371,Ishaan Khan,ishaan.khan371@yahoo.com,2025-03-04 04:58:00,REGULAR
372,Rahul Iyer,rahul.iyer372@rediffmail.com,2024-01-25 07:19:03,REGULAR
373,Aditya Iyer,aditya.iyer373@rediffmail.com,2026-07-17 15:02:10,PREMIUM
374,Rajat Verma,rajat.verma374@gmail.com,2025-09-16 21:32:21,REGULAR
375,Rohan Singh,rohan.singh375@gmail.com,2024-08-05 16:37:58,REGULAR
376,Ananya Khan,ananya.khan376@outlook.com,2026-06-16 01:49:17,REGULAR
377,Yash Kapoor,yash.kapoor377@yahoo.com,2026-03-20 17:38:52,REGULAR
378,Ananya Patel,ananya.patel378@yahoo.com,2025-10-25 15:11:31,REGULAR
379,Vivaan Chopra,vivaan.chopra379@rediffmail.com,2026-03-25 17:24:00,REGULAR
380,Sara Rao,sara.rao380@rediffmail.com,2024-10-12 15:30:18,PREMIUM
381,Priya Khan,priya.khan381@outlook.com,2024-08-12 05:49:23,PREMIUM
382,Vivaan Bhatt,vivaan.bhatt382@rediffmail.com,2026-05-15 17:09:22,REGULAR
383,Myra Khan,myra.khan383@outlook.com,2024-05-02 19:57:33,VIP
384,Rajat Chopra,rajat.chopra384@yahoo.com,2024-03-21 01:25:29,REGULAR
385,Yash Menon,yash.menon385@gmail.com,2024-10-19 07:14:09,PREMIUM
386,Karan Bhatt,karan.bhatt386@yahoo.com,2025-06-01 05:48:33,REGULAR
387,Aarav Singh,aarav.singh387@gmail.com,2026-01-13 23:27:51,VIP
388,Nisha Menon,nisha.menon388@rediffmail.com,2025-01-06 18:54:17,REGULAR
389,Simran Mehta,simran.mehta389@outlook.com,2025-04-24 02:48:58,REGULAR
390,Neha Bose,neha.bose390@rediffmail.com,2025-05-12 11:09:43,VIP
391,Isha Kapoor,isha.kapoor391@yahoo.com,2024-08-14 16:23:35,REGULAR
392,Rohan Ahluwalia,rohan.ahluwalia392@rediffmail.com,2025-04-03 13:33:58,REGULAR
393,Diya Khan,diya.khan393@yahoo.com,2026-02-14 15:18:30,REGULAR
394,Yash Kapoor,yash.kapoor394@rediffmail.com,2026-02-01 02:43:44,REGULAR
395,Rahul Chopra,rahul.chopra395@rediffmail.com,2024-10-12 21:47:53,VIP
396,Rohan Verma,rohan.verma396@gmail.com,2024-03-16 08:44:51,PREMIUM
397,Sara Nair,sara.nair397@yahoo.com,2024-04-15 14:01:42,PREMIUM
398,Aarav Singh,aarav.singh398@outlook.com,2024-04-03 21:44:37,PREMIUM
399,Yash Menon,yash.menon399@rediffmail.com,2024-01-25 10:31:22,REGULAR
400,Rohan Rao,rohan.rao400@,2026-04-12 05:45:50,VIP
401,Aarav Malhotra,aarav.malhotra401@rediffmail.com,2024-10-05 11:33:08,REGULAR
402,Vihaan Malhotra,vihaan.malhotra402@yahoo.com,2026-03-28 19:42:06,REGULAR
403,Isha Patel,isha.patel403@gmail.com,2025-08-02 12:22:15,VIP
404,Aisha Ahluwalia,aisha.ahluwalia404@yahoo.com,2025-04-10 23:51:54,PREMIUM
405,Rajat Gupta,rajat.gupta405@gmail.com,2024-05-25 05:57:05,REGULAR
406,Myra Bhatt,myra.bhatt406@gmail.com,2024-09-23 05:38:34,REGULAR
407,Rajat Rao,rajat.rao407@outlook.com,2026-05-29 00:39:50,VIP
408,Vihaan Malhotra,vihaan.malhotra408@yahoo.com,2024-11-24 10:11:56,VIP
409,Nisha Ahluwalia,nisha.ahluwalia409@gmail.com,2024-04-25 11:53:47,PREMIUM
410,Kabir Bhatt,kabir.bhatt410@gmail.com,2024-10-05 14:49:13,VIP
411,Diya Sharma,diya.sharma411@yahoo.com,2025-09-10 17:33:06,VIP
412,Ananya Reddy,ananya.reddy412@rediffmail.com,2026-04-19 17:37:41,REGULAR
413,Simran Nair,simran.nair413@gmail.com,2026-02-16 22:54:38,PREMIUM
414,Isha Verma,isha.verma414@yahoo.com,2024-04-28 02:09:56,REGULAR
415,Simran Menon,simran.menon415@rediffmail.com,2025-05-22 00:12:12,REGULAR
416,Kabir Das,kabir.das416@outlook.com,2026-05-09 02:44:26,VIP
417,Sara Reddy,sara.reddy417@rediffmail.com,2024-05-13 02:54:29,PREMIUM
418,Ananya Khan,ananya.khan418@gmail.com,2025-02-20 06:43:17,REGULAR
419,Nisha Nair,nisha.nair419@outlook.com,2025-07-14 07:52:45,REGULAR
420,Aarav Mehta,aarav.mehta420@outlook.com,2024-06-07 19:27:48,REGULAR
421,Sai Rao,sai.rao421@rediffmail.com,2024-06-09 11:02:22,REGULAR
422,Isha Bhatt,isha.bhatt422@outlook.com,2025-08-21 10:42:38,REGULAR
423,Sara Joshi,sara.joshi423@yahoo.com,2026-06-07 12:13:49,REGULAR
424,Yash Joshi,yash.joshi424@outlook.com,2025-04-12 18:59:14,REGULAR
425,Arjun Gupta,arjun.gupta425@outlook.com,2025-10-16 03:49:59,REGULAR
426,Aman Gupta,aman.gupta426@yahoo.com,2026-02-09 04:51:16,REGULAR
427,Reyansh Das,reyansh.das427@outlook.com,2024-01-11 12:18:20,VIP
428,Diya Menon,diya.menon428@outlook.com,2025-11-14 20:42:00,REGULAR
429,Pooja Menon,pooja.menon429@outlook.com,2026-07-26 01:20:45,VIP
430,Reyansh Bose,reyansh.bose430@rediffmail.com,2025-05-10 18:18:52,REGULAR
431,Nisha Bose,nisha.bose431@yahoo.com,2025-05-21 05:55:10,REGULAR
432,Pooja Joshi,pooja.joshi432@yahoo.com,2026-07-08 23:49:26,VIP
433,Sai Bhatt,sai.bhatt433@rediffmail.com,2024-11-21 16:15:31,REGULAR
434,Ananya Gupta,ananya.gupta434@rediffmail.com,2026-02-14 15:22:23,REGULAR
435,Ananya Khan,ananya.khan435@yahoo.com,2025-10-19 07:21:12,PREMIUM
436,Aditya Das,aditya.das436@rediffmail.com,2026-06-23 11:37:49,REGULAR
437,Neha Rao,neha.rao437@outlook.com,2026-04-14 01:18:21,REGULAR
438,Aditya Iyer,aditya.iyer438@outlook.com,2024-09-15 09:32:54,PREMIUM
439,Vivaan Ahluwalia,vivaan.ahluwalia439@rediffmail.com,2025-05-30 02:49:15,VIP
440,Sara Iyer,sara.iyer440@,2024-12-10 20:48:00,REGULAR
441,Neha Bhatt,neha.bhatt441@yahoo.com,2025-11-23 11:49:44,REGULAR
442,Aisha Ahluwalia,aisha.ahluwalia442@yahoo.com,2025-06-19 21:18:58,VIP
443,Priya Iyer,priya.iyer443@gmail.com,2024-06-29 07:22:42,PREMIUM
444,Rahul Nair,rahul.nair444@outlook.com,2025-12-08 08:01:51,PREMIUM
445,Neha Bose,neha.bose445@gmail.com,2025-11-11 16:00:36,PREMIUM
446,Aisha Kapoor,aisha.kapoor446@gmail.com,2024-06-27 18:41:23,REGULAR
447,Diya Iyer,diya.iyer447@yahoo.com,2025-01-13 21:44:01,REGULAR
448,Rohan Reddy,rohan.reddy448@rediffmail.com,2025-12-18 18:37:39,REGULAR
449,Myra Reddy,myra.reddy449@rediffmail.com,2025-09-06 12:22:48,REGULAR
450,Meera Singh,meera.singh450@rediffmail.com,2025-08-27 00:50:55,REGULAR
451,Reyansh Singh,reyansh.singh451@gmail.com,2026-06-15 21:05:24,REGULAR
452,Rajat Bhatt,rajat.bhatt452@outlook.com,2024-11-02 03:27:41,REGULAR
453,Kabir Bose,kabir.bose453@outlook.com,2026-07-16 08:41:08,REGULAR
454,Myra Ahluwalia,myra.ahluwalia454@outlook.com,2025-12-12 06:16:47,PREMIUM
455,Pooja Mehta,pooja.mehta455@gmail.com,2024-07-27 01:56:05,REGULAR
456,Ishaan Mehta,ishaan.mehta456@outlook.com,2024-08-07 14:13:42,REGULAR
457,Sara Menon,sara.menon457@rediffmail.com,2025-10-19 04:01:44,REGULAR
458,Tanvi Bhatt,tanvi.bhatt458@yahoo.com,2026-05-12 00:38:25,REGULAR
459,Ananya Nair,ananya.nair459@rediffmail.com,2024-03-24 06:46:21,PREMIUM
460,Aarav Bose,aarav.bose460@rediffmail.com,2026-05-22 09:17:50,REGULAR
461,Priya Rao,priya.rao461@rediffmail.com,2025-11-20 11:59:32,REGULAR
462,Aditya Ahluwalia,aditya.ahluwalia462@yahoo.com,2025-03-29 17:54:04,REGULAR
463,Ishaan Bhatt,ishaan.bhatt463@rediffmail.com,2026-05-28 16:58:39,PREMIUM
464,Simran Bose,simran.bose464@gmail.com,2026-06-08 16:19:39,REGULAR
465,Simran Bhatt,simran.bhatt465@outlook.com,2026-04-22 00:50:30,PREMIUM
466,Vivaan Das,vivaan.das466@rediffmail.com,2024-06-08 02:21:41,PREMIUM
467,Tanvi Khan,tanvi.khan467@gmail.com,2025-11-29 15:14:13,REGULAR
468,Rajat Gupta,rajat.gupta468@gmail.com,2025-01-03 01:59:21,REGULAR
469,Rahul Ahluwalia,rahul.ahluwalia469@rediffmail.com,2024-09-14 20:14:35,PREMIUM
470,Aman Singh,aman.singh470@gmail.com,2026-06-04 13:54:43,REGULAR
471,Kabir Menon,kabir.menon471@outlook.com,2025-03-30 14:12:44,REGULAR
472,Kabir Malhotra,kabir.malhotra472@gmail.com,2024-07-29 15:07:14,VIP
473,Aman Rao,aman.rao473@outlook.com,2024-07-16 02:44:01,PREMIUM
474,Arjun Khan,arjun.khan474@outlook.com,2025-01-19 13:30:34,PREMIUM
475,Yash Joshi,yash.joshi475@outlook.com,2025-10-05 11:25:50,REGULAR
476,Aditya Gupta,aditya.gupta476@outlook.com,2025-07-27 07:58:14,REGULAR
477,Priya Kapoor,priya.kapoor477@gmail.com,2025-12-13 04:13:37,PREMIUM
478,Nisha Chopra,nisha.chopra478@rediffmail.com,2024-12-04 09:17:18,VIP
479,Pooja Singh,pooja.singh479@outlook.com,2025-03-16 13:06:58,REGULAR
480,Karan Nair,karan.nair480@rediffmail.com,2025-06-17 23:32:30,PREMIUM
481,Simran Verma,simran.verma481@rediffmail.com,2024-01-26 07:00:46,REGULAR
482,Rajat Reddy,rajat.reddy482@gmail.com,2025-10-26 13:30:50,REGULAR
483,Nisha Nair,nisha.nair483@outlook.com,2024-09-03 23:06:33,PREMIUM
484,Kabir Gupta,kabir.gupta484@outlook.com,2024-05-08 00:51:36,REGULAR
485,Tanvi Reddy,tanvi.reddy485@outlook.com,2024-12-29 17:30:54,REGULAR
486,Aditya Iyer,aditya.iyer486@,2024-05-01 01:45:58,REGULAR
487,Ishaan Malhotra,ishaan.malhotra487@gmail.com,2024-01-13 12:35:39,PREMIUM
488,Pooja Iyer,pooja.iyer488@rediffmail.com,2024-07-24 07:50:48,REGULAR
489,Ishaan Joshi,ishaan.joshi489@gmail.com,2024-06-09 07:37:55,REGULAR
490,Ananya Nair,ananya.nair490@yahoo.com,2024-08-09 21:56:54,REGULAR
491,Karan Sharma,karan.sharma491@yahoo.com,2025-11-14 16:05:44,REGULAR
492,Reyansh Nair,reyansh.nair492@rediffmail.com,2024-12-03 11:28:07,REGULAR
493,Vihaan Nair,vihaan.nair493@rediffmail.com,2025-06-30 02:11:54,VIP
494,Diya Nair,diya.nair494@gmail.com,2025-01-20 12:20:14,REGULAR
495,Meera Menon,meera.menon495@gmail.com,2025-04-13 14:18:08,REGULAR
496,Meera Malhotra,meera.malhotra496@rediffmail.com,2025-04-04 02:36:22,PREMIUM
497,Aman Khan,aman.khan497@gmail.com,2025-01-09 12:10:45,REGULAR
498,Meera Gupta,meera.gupta498@gmail.com,2025-07-14 22:43:00,VIP
499,Arjun Joshi,arjun.joshi499@rediffmail.com,2025-07-21 15:33:50,REGULAR
500,Sai Bose,sai.bose500@gmail.com,2024-01-26 22:13:33,REGULAR
501,Aarav Patel,aarav.patel501@gmail.com,2025-09-10 05:35:03,REGULAR
502,Tanvi Malhotra,tanvi.malhotra502@rediffmail.com,2025-09-16 21:59:20,REGULAR
503,Rohan Bhatt,rohan.bhatt503@outlook.com,2024-05-09 20:43:29,REGULAR
504,Neha Singh,neha.singh504@yahoo.com,2026-04-13 06:04:30,REGULAR
505,Karan Gupta,karan.gupta505@rediffmail.com,2025-01-05 17:02:48,REGULAR
506,Aditya Rao,aditya.rao506@gmail.com,2025-04-25 11:10:09,PREMIUM
507,Yash Reddy,yash.reddy507@yahoo.com,2024-01-18 15:10:52,REGULAR
508,Isha Malhotra,isha.malhotra508@outlook.com,2024-09-16 08:49:48,REGULAR
509,Rahul Patel,rahul.patel509@gmail.com,2024-02-15 14:28:49,REGULAR
510,Sara Patel,sara.patel510@outlook.com,2026-06-14 19:07:57,PREMIUM
511,Priya Das,priya.das511@gmail.com,2026-02-15 02:48:39,PREMIUM
512,Sai Chopra,sai.chopra512@gmail.com,2026-06-10 13:00:05,PREMIUM
513,Vihaan Khan,vihaan.khan513@gmail.com,2024-03-09 09:51:07,PREMIUM
514,Aarav Khan,aarav.khan514@outlook.com,2025-08-17 22:30:34,VIP
515,Sai Verma,sai.verma515@rediffmail.com,2024-12-14 18:32:15,REGULAR
516,Sara Kapoor,sara.kapoor516@gmail.com,2026-06-06 20:24:18,REGULAR
517,Neha Verma,neha.verma517@gmail.com,2025-09-14 19:33:42,REGULAR
518,Aisha Mehta,aisha.mehta518@outlook.com,2025-05-23 10:39:46,REGULAR
519,Aisha Sharma,aisha.sharma519@outlook.com,2026-05-25 20:14:19,PREMIUM
520,Rahul Menon,rahul.menon520@outlook.com,2026-07-08 03:50:12,VIP
521,Simran Singh,simran.singh521@yahoo.com,2024-08-21 21:31:17,REGULAR
522,Sara Sharma,sara.sharma522@outlook.com,2024-01-15 21:43:14,VIP
523,Aarav Joshi,aarav.joshi523@outlook.com,2024-06-10 11:30:01,REGULAR
524,Ishaan Rao,ishaan.rao524@gmail.com,2024-08-09 04:04:05,PREMIUM
525,Aditya Verma,aditya.verma525@rediffmail.com,2025-08-01 15:30:26,REGULAR
526,Rahul Gupta,rahul.gupta526@yahoo.com,2025-09-04 14:28:54,REGULAR
527,Karan Verma,karan.verma527@yahoo.com,2025-01-02 19:29:24,REGULAR
528,Rajat Kapoor,rajat.kapoor528@rediffmail.com,2025-05-21 19:32:24,REGULAR
529,Kabir Khan,kabir.khan529@yahoo.com,2024-07-30 10:37:02,PREMIUM
530,Karan Iyer,karan.iyer530@yahoo.com,2025-11-29 09:03:47,REGULAR
531,Sara Iyer,sara.iyer531@yahoo.com,2025-12-03 00:41:23,REGULAR
532,Kabir Iyer,kabir.iyer532@outlook.com,2026-07-26 04:44:49,REGULAR
533,Pooja Kapoor,pooja.kapoor533@yahoo.com,2025-07-06 15:03:04,REGULAR
534,Vivaan Mehta,vivaan.mehta534@yahoo.com,2024-02-18 06:49:27,VIP
535,Rajat Das,rajat.das535@yahoo.com,2024-05-27 03:36:51,REGULAR
536,Aman Nair,aman.nair536@gmail.com,2024-12-11 07:30:08,REGULAR
537,Pooja Joshi,pooja.joshi537@gmail.com,2026-06-23 14:36:17,REGULAR
538,Pooja Gupta,pooja.gupta538@gmail.com,2024-11-03 04:40:00,VIP
539,Aisha Nair,aisha.nair539@outlook.com,2024-07-09 08:09:44,REGULAR
540,Aisha Verma,aisha.verma540@rediffmail.com,2025-09-05 14:37:06,REGULAR
541,Myra Rao,myra.rao541@yahoo.com,2024-10-17 17:29:57,REGULAR
542,Aisha Nair,aisha.nair542@yahoo.com,2025-04-03 10:19:04,REGULAR
543,Rohan Bose,rohan.bose543@outlook.com,2025-08-17 23:50:40,REGULAR
544,Reyansh Malhotra,reyansh.malhotra544@gmail.com,2025-08-17 04:33:43,PREMIUM
545,Isha Bose,isha.bose545@rediffmail.com,2025-06-18 10:31:17,VIP
546,Neha Kapoor,neha.kapoor546@yahoo.com,2024-02-10 11:41:52,REGULAR
547,Ishaan Sharma,ishaan.sharma547@outlook.com,2024-04-01 00:26:21,PREMIUM
548,Priya Malhotra,priya.malhotra548@yahoo.com,2024-09-04 23:14:39,REGULAR
549,Yash Khan,yash.khan549@gmail.com,2024-12-06 20:15:24,REGULAR
550,Aman Joshi,aman.joshi550@yahoo.com,2024-09-30 13:29:51,REGULAR
551,Diya Chopra,diya.chopra551@gmail.com,2025-06-30 07:39:38,VIP
552,Karan Nair,karan.nair552@yahoo.com,2026-02-03 15:32:32,REGULAR
553,Sai Bose,sai.bose553@gmail.com,2024-12-27 08:49:38,PREMIUM
554,Aarav Malhotra,aarav.malhotra554@outlook.com,2024-11-08 23:08:11,PREMIUM
555,Diya Reddy,diya.reddy555@outlook.com,2024-04-02 12:24:26,REGULAR
556,Karan Nair,karan.nair556@outlook.com,2024-04-22 16:10:27,REGULAR
557,Yash Joshi,yash.joshi557@outlook.com,2025-04-13 18:37:13,REGULAR
558,Sai Rao,sai.rao558@rediffmail.com,2025-05-07 21:10:56,REGULAR
559,Rohan Menon,rohan.menon559@yahoo.com,2026-07-03 21:39:11,PREMIUM
560,Myra Mehta,myra.mehta560@outlook.com,2024-07-16 19:53:28,REGULAR
561,Aarav Ahluwalia,aarav.ahluwalia561@gmail.com,2024-10-09 20:29:59,PREMIUM
562,Aman Menon,aman.menon562@gmail.com,2026-02-09 19:07:11,REGULAR
563,Rahul Gupta,rahul.gupta563@outlook.com,2024-09-17 19:17:47,PREMIUM
564,Aditya Kapoor,aditya.kapoor564@outlook.com,2024-11-21 17:35:48,REGULAR
565,Aditya Chopra,aditya.chopra565@gmail.com,2024-01-02 23:45:54,REGULAR
566,Aisha Rao,aisha.rao566@rediffmail.com,2026-02-04 23:25:44,PREMIUM
567,Isha Bhatt,isha.bhatt567@rediffmail.com,2026-06-16 23:28:14,PREMIUM
568,Yash Khan,yash.khan568@gmail.com,2024-02-21 21:43:08,REGULAR
569,Diya Patel,diya.patel569@gmail.com,2025-06-14 23:32:00,REGULAR
570,Myra Reddy,myra.reddy570@gmail.com,2025-06-08 23:42:39,REGULAR
571,Meera Bose,meera.bose571@rediffmail.com,2024-09-13 07:32:28,PREMIUM
572,Sara Reddy,sara.reddy572@outlook.com,2024-11-15 07:28:37,VIP
573,Sara Bhatt,sara.bhatt573@outlook.com,2025-03-13 07:56:27,REGULAR
574,Vihaan Verma,vihaan.verma574@rediffmail.com,2024-08-26 14:14:52,REGULAR
575,Aarav Rao,aarav.rao575@rediffmail.com,2024-11-06 04:24:58,REGULAR
576,Reyansh Reddy,reyansh.reddy576@gmail.com,2026-01-05 15:59:36,PREMIUM
577,Ananya Joshi,ananya.joshi577@outlook.com,2024-05-21 13:49:44,PREMIUM
578,Myra Reddy,myra.reddy578@rediffmail.com,2025-07-27 20:17:32,REGULAR
579,Vivaan Patel,vivaan.patel579@outlook.com,2024-12-17 10:55:24,PREMIUM
580,Karan Verma,karan.verma580@gmail.com,2024-05-13 03:24:00,PREMIUM
581,Aman Bhatt,aman.bhatt581@yahoo.com,2026-05-09 23:46:30,REGULAR
582,Myra Malhotra,myra.malhotra582@rediffmail.com,2026-06-08 16:20:10,PREMIUM
583,Priya Mehta,priya.mehta583@gmail.com,2026-02-18 23:41:58,REGULAR
584,Neha Ahluwalia,neha.ahluwalia584@yahoo.com,2024-07-05 20:25:59,VIP
585,Aisha Reddy,aisha.reddy585@yahoo.com,2024-11-25 03:50:15,PREMIUM
586,Arjun Verma,arjun.verma586@rediffmail.com,2024-11-09 16:05:46,VIP
587,Tanvi Nair,tanvi.nair587@outlook.com,2025-05-11 17:07:29,VIP
588,Aman Gupta,aman.gupta588@rediffmail.com,2026-05-07 14:04:19,REGULAR
589,Kabir Malhotra,kabir.malhotra589@gmail.com,2026-07-01 18:25:27,REGULAR
590,Sara Iyer,sara.iyer590@yahoo.com,2026-05-30 04:09:09,REGULAR
591,Simran Iyer,simran.iyer591@gmail.com,2025-03-20 10:18:52,PREMIUM
592,Isha Rao,isha.rao592@rediffmail.com,2026-06-07 14:34:19,PREMIUM
593,Vivaan Reddy,vivaan.reddy593@yahoo.com,2025-09-16 01:12:12,REGULAR
594,Diya Khan,diya.khan594@rediffmail.com,2025-02-21 05:33:01,PREMIUM
595,Aarav Kapoor,aarav.kapoor595@outlook.com,2025-04-28 01:01:48,REGULAR
596,Priya Iyer,priya.iyer596@yahoo.com,2024-07-27 18:15:19,REGULAR
597,Rahul Das,rahul.das597@outlook.com,2025-02-22 12:42:17,PREMIUM
598,Meera Gupta,meera.gupta598@yahoo.com,2025-09-24 12:24:40,PREMIUM
599,Simran Malhotra,simran.malhotra599@gmail.com,2026-03-11 10:38:48,PREMIUM
600,Aditya Mehta,aditya.mehta600@rediffmail.com,2024-07-29 17:23:30,PREMIUM
