row_id,order_id,order_date,ship_date,ship_mode,customer_id,product_id,sales,quantity,discount,profit
2,CA-2016-152156,11/8/2016,11/11/2016,"Second Class",CG-12520,FUR-CH-10000454,731.94,3,0.00,219.58
4,US-2015-108966,10/11/2015,10/18/2015,"Standard Class",SO-20335,FUR-TA-10000577,957.58,5,0.45,-383.03
11,CA-2014-115812,6/9/2014,6/14/2014,"Standard Class",BH-11710,FUR-TA-10001539,1706.18,9,0.20,85.31
25,CA-2015-106320,9/25/2015,9/30/2015,"Standard Class",EB-13870,FUR-TA-10000577,1044.63,3,0.00,240.26
28,US-2015-150630,9/17/2015,9/21/2015,"Standard Class",TB-21520,FUR-BO-10004834,3083.43,7,0.50,-1665.05
36,CA-2016-117590,12/8/2016,12/10/2016,"First Class",GH-14485,TEC-PH-10004977,1097.54,7,0.20,123.47
39,CA-2015-117415,12/27/2015,12/31/2015,"Standard Class",SN-20710,FUR-BO-10002545,532.40,3,0.32,-46.98
55,CA-2016-105816,12/11/2016,12/17/2016,"Standard Class",JM-15265,TEC-PH-10002447,1029.95,5,0.00,298.69
58,CA-2016-111682,6/17/2016,6/18/2016,"First Class",TB-21055,FUR-CH-10003968,319.41,5,0.10,7.10
68,CA-2014-106376,12/5/2014,12/10/2014,"Standard Class",BS-11590,OFF-AR-10002671,1113.02,8,0.20,111.30
110,CA-2015-129476,10/15/2015,10/20/2015,"Standard Class",PA-19060,TEC-AC-10000844,339.96,5,0.20,67.99
146,CA-2015-110744,9/7/2015,9/12/2015,"Standard Class",HA-14920,OFF-ST-10003656,671.93,7,0.00,20.16
150,CA-2016-114489,12/5/2016,12/9/2016,"Standard Class",JE-16165,FUR-CH-10000454,1951.84,8,0.00,585.55
166,CA-2014-139892,9/8/2014,9/12/2014,"Standard Class",BM-11140,TEC-MA-10000822,8159.95,8,0.40,-1359.99
174,CA-2014-118962,8/5/2014,8/9/2014,"Standard Class",CS-12130,FUR-CH-10003817,340.14,7,0.20,21.26
182,CA-2014-166191,12/5/2014,12/9/2014,"Second Class",DK-13150,TEC-AC-10004659,408.74,7,0.20,76.64
190,CA-2015-102281,10/12/2015,10/14/2015,"First Class",MP-17470,FUR-BO-10002613,899.14,4,0.20,112.39
219,CA-2016-130162,10/28/2016,11/1/2016,"Standard Class",JH-15910,TEC-PH-10002563,302.38,3,0.20,22.68
224,CA-2015-169397,12/24/2015,12/27/2015,"First Class",JB-15925,TEC-MA-10001148,479.99,4,0.70,-383.99
227,CA-2015-163055,8/9/2015,8/16/2015,"Standard Class",DS-13180,FUR-TA-10003748,622.45,5,0.00,136.94
245,CA-2014-131926,6/1/2014,6/6/2014,"Second Class",DW-13480,FUR-CH-10004063,2001.86,7,0.00,580.54
252,CA-2016-145625,9/11/2016,9/17/2016,"Standard Class",KC-16540,TEC-AC-10003832,3347.37,13,0.00,636.00
254,CA-2016-146941,12/10/2016,12/13/2016,"First Class",DL-13315,OFF-EN-10003296,361.92,4,0.00,162.86
263,US-2014-106992,9/19/2014,9/21/2014,"Second Class",SB-20290,TEC-MA-10000822,3059.98,3,0.40,-510.00
265,CA-2016-125318,6/6/2016,6/13/2016,"Standard Class",RC-19825,TEC-PH-10001433,328.22,4,0.20,28.72
282,US-2015-161991,9/26/2015,9/28/2015,"Second Class",SC-20725,TEC-PH-10001760,1114.40,7,0.20,376.11
283,CA-2015-130890,11/2/2015,11/6/2015,"Standard Class",JO-15280,FUR-TA-10002903,1038.84,5,0.20,51.94
289,CA-2016-112697,12/18/2016,12/20/2016,"Second Class",AH-10195,OFF-SU-10000646,961.48,5,0.20,-204.31
308,CA-2014-111003,6/1/2014,6/6/2014,"Standard Class",CR-12625,OFF-AR-10002135,289.20,6,0.00,83.87
319,CA-2014-164973,11/4/2014,11/9/2014,"Standard Class",NM-18445,TEC-MA-10002927,3991.98,2,0.00,1995.99
336,CA-2015-137946,9/1/2015,9/4/2015,"Second Class",DB-13615,TEC-CO-10001449,959.98,2,0.20,335.99
339,CA-2014-129924,7/12/2014,7/17/2014,"Standard Class",AC-10420,FUR-TA-10004575,698.35,3,0.20,-17.46
346,CA-2017-169901,6/15/2017,6/19/2017,"Standard Class",CC-12550,TEC-PH-10002293,47.98,3,0.20,4.80
354,CA-2016-129714,9/1/2016,9/3/2016,"First Class",AB-10060,OFF-BI-10004995,4355.17,4,0.20,1415.43
370,CA-2016-155516,10/21/2016,10/21/2016,"Same Day",MK-17905,FUR-BO-10002545,1043.92,4,0.00,271.42
374,US-2014-119137,7/23/2014,7/27/2014,"Standard Class",AG-10900,TEC-AC-10003911,1023.94,8,0.20,179.19
378,US-2017-134481,8/27/2017,9/1/2017,"Standard Class",AR-10405,FUR-TA-10004915,1488.42,7,0.30,-297.68
385,US-2015-168935,11/27/2015,12/2/2015,"Standard Class",DO-13435,FUR-TA-10000617,375.46,3,0.45,-157.01
393,US-2014-135972,9/21/2014,9/23/2014,"Second Class",JG-15115,TEC-CO-10002313,1799.97,3,0.00,701.99
400,CA-2016-108987,9/8/2016,9/10/2016,"Second Class",AG-10675,FUR-BO-10004834,2396.27,4,0.32,-317.15
413,CA-2017-117457,12/8/2017,12/12/2017,"Standard Class",KH-16510,FUR-BO-10001972,1336.83,13,0.15,31.45
437,CA-2016-147375,6/12/2016,6/14/2016,"Second Class",PO-19180,TEC-MA-10002937,1007.98,3,0.30,43.20
464,CA-2016-109869,4/22/2016,4/29/2016,"Standard Class",TN-21040,FUR-TA-10001889,1272.63,6,0.50,-814.48
468,US-2015-101399,1/17/2015,1/24/2015,"Standard Class",JS-15940,FUR-FU-10002918,254.74,7,0.60,-312.06
481,CA-2016-100790,6/26/2016,7/2/2016,"Standard Class",JG-15805,OFF-ST-10000689,704.25,5,0.00,84.51
484,CA-2014-127691,7/22/2014,7/27/2014,"Standard Class",EM-14065,TEC-AC-10002567,159.98,2,0.00,57.59
486,CA-2017-140963,6/10/2017,6/13/2017,"First Class",MT-18070,FUR-BO-10001337,514.17,5,0.15,-30.25
488,CA-2014-154627,10/29/2014,10/31/2014,"First Class",SA-20830,TEC-PH-10001363,2735.95,6,0.20,341.99
492,CA-2014-113362,9/14/2014,9/19/2014,"Standard Class",AJ-10960,OFF-ST-10001809,449.15,5,0.00,8.98
503,US-2016-105578,5/30/2016,6/4/2016,"Standard Class",MY-17380,FUR-CH-10001215,801.57,2,0.20,50.10
510,CA-2015-145352,3/16/2015,3/22/2015,"Standard Class",CM-12385,OFF-BI-10003527,6354.95,5,0.00,3177.48
516,CA-2017-127432,1/22/2017,1/27/2017,"Standard Class",AD-10180,TEC-CO-10003236,2999.95,5,0.00,1379.98
527,CA-2017-113558,10/21/2017,10/26/2017,"Standard Class",PH-18790,FUR-CH-10003379,683.95,3,0.20,42.75
533,US-2017-129441,9/7/2017,9/11/2017,"Standard Class",JC-15340,FUR-FU-10000448,47.94,3,0.00,2.40
543,US-2015-120161,12/18/2015,12/23/2015,"Standard Class",LM-17065,OFF-ST-10001809,646.78,9,0.20,-145.52
547,CA-2017-162929,11/19/2017,11/22/2017,"First Class",AS-10135,OFF-BI-10000404,41.28,6,0.20,13.93
555,CA-2017-100650,6/29/2017,7/3/2017,"Second Class",DK-13225,OFF-ST-10001780,1295.78,2,0.00,310.99
596,CA-2014-131450,8/8/2014,8/15/2014,"Standard Class",LR-16915,TEC-CO-10004115,1199.98,3,0.20,434.99
603,CA-2014-149958,3/15/2014,3/19/2014,"Standard Class",AS-10240,OFF-ST-10001490,142.78,1,0.20,17.85
639,CA-2016-115917,5/20/2016,5/25/2016,"Standard Class",RB-19465,FUR-FU-10000576,1049.20,5,0.00,272.79
660,CA-2015-146563,8/24/2015,8/28/2015,"Standard Class",CB-12025,OFF-ST-10001490,999.43,7,0.20,124.93
664,CA-2016-123666,3/26/2016,3/30/2016,"Standard Class",SP-20545,OFF-ST-10001522,459.95,5,0.00,18.40
668,CA-2017-132682,6/8/2017,6/10/2017,"Second Class",TH-21235,TEC-PH-10004042,381.58,3,0.20,28.62
684,US-2017-168116,11/4/2017,11/4/2017,"Same Day",GT-14635,TEC-MA-10004125,7999.98,4,0.50,-3839.99
706,CA-2014-138527,9/12/2014,9/17/2014,"Standard Class",BN-11470,OFF-AP-10001469,166.84,5,0.20,18.77
709,CA-2014-112158,12/2/2014,12/4/2014,"First Class",DP-13165,FUR-BO-10003272,883.92,5,0.20,-110.49
722,CA-2016-142335,12/15/2016,12/19/2016,"Standard Class",MP-17965,FUR-TA-10000198,1652.94,3,0.00,231.41
731,US-2016-150861,12/3/2016,12/6/2016,"First Class",EG-13900,FUR-CH-10002965,542.65,3,0.10,102.50
733,CA-2017-131954,1/21/2017,1/25/2017,"Standard Class",DS-13030,OFF-ST-10000736,242.94,3,0.00,9.72
756,CA-2016-140928,9/18/2016,9/22/2016,"Standard Class",NB-18655,FUR-TA-10001095,383.44,4,0.45,-167.32
763,CA-2015-114923,2/8/2015,2/13/2015,"Standard Class",LH-17020,TEC-PH-10003931,107.98,3,0.40,-27.00
766,CA-2014-162775,1/13/2014,1/15/2014,"Second Class",CS-12250,TEC-AC-10003174,646.74,6,0.00,258.70
770,CA-2016-157245,5/19/2016,5/24/2016,"Standard Class",LE-16810,FUR-CH-10003746,641.96,2,0.00,179.75
793,CA-2016-105256,5/20/2016,5/20/2016,"Same Day",JK-15730,TEC-PH-10001530,1363.96,5,0.20,85.25
807,CA-2014-134313,11/1/2014,11/7/2014,"Standard Class",RA-19915,TEC-PH-10001795,1983.97,4,0.20,248.00
815,CA-2017-143686,5/14/2017,5/14/2017,"Same Day",PJ-19015,TEC-AC-10001838,1399.93,7,0.00,601.97
820,CA-2014-140858,6/28/2014,7/2/2014,"Standard Class",CA-12775,FUR-CH-10001394,1228.47,5,0.30,0.00
870,CA-2016-158099,9/3/2016,9/5/2016,"First Class",PK-18910,OFF-BI-10000545,1141.47,5,0.70,-760.98
874,CA-2014-148488,12/10/2014,12/15/2014,"Standard Class",SM-20005,OFF-BI-10000315,106.34,7,0.20,37.22
881,CA-2017-111689,11/30/2017,12/2/2017,"Second Class",HP-14815,FUR-CH-10004287,1242.90,5,0.10,262.39
911,CA-2017-137596,9/2/2017,9/7/2017,"Standard Class",BE-11335,TEC-AC-10004666,1928.78,7,0.00,829.38
925,CA-2016-149797,9/15/2016,9/20/2016,"Standard Class",AH-10075,OFF-BI-10003650,841.57,2,0.20,294.55
937,CA-2016-140081,6/20/2016,6/24/2016,"Standard Class",CG-12040,OFF-AP-10001058,447.70,2,0.20,33.58
943,CA-2016-142958,12/13/2016,12/20/2016,"Standard Class",RW-19630,FUR-TA-10000577,1114.27,4,0.20,41.79
950,US-2017-110576,11/28/2017,12/2/2017,"Standard Class",RB-19795,FUR-TA-10004154,2065.32,12,0.40,-619.60
955,CA-2017-136539,12/28/2017,1/1/2018,"Standard Class",GH-14665,FUR-BO-10004709,78.85,2,0.32,-11.60
970,CA-2017-135279,4/9/2017,4/11/2017,"First Class",BS-11800,OFF-ST-10001097,501.81,3,0.00,0.00
978,CA-2017-159366,1/7/2017,1/10/2017,"First Class",BW-11110,TEC-MA-10000822,3059.98,2,0.10,680.00
984,CA-2014-163419,11/11/2014,11/14/2014,"Second Class",TZ-21580,FUR-CH-10000665,603.92,5,0.20,75.49
987,CA-2017-100314,9/29/2017,10/5/2017,"Standard Class",AS-10630,TEC-MA-10003066,336.51,3,0.40,44.87
995,CA-2014-117639,5/21/2014,5/25/2014,"Standard Class",MW-18235,OFF-BI-10003925,2715.93,7,0.00,1276.49
1002,CA-2015-124891,7/31/2015,7/31/2015,"Same Day",RH-19495,TEC-AC-10003033,2309.65,7,0.00,762.18
1014,US-2015-126214,12/21/2015,12/24/2015,"Second Class",JS-15880,FUR-TA-10003748,1618.37,13,0.00,356.04
1020,CA-2015-108665,7/6/2015,7/10/2015,"Standard Class",KM-16225,OFF-ST-10001526,601.65,5,0.00,156.43
1037,CA-2016-113061,4/22/2016,4/26/2016,"Standard Class",EL-13735,FUR-FU-10003975,86.62,2,0.00,8.66
1043,CA-2016-102981,9/6/2016,9/9/2016,"Second Class",MO-17500,FUR-BO-10001811,722.35,3,0.20,90.29
1078,CA-2017-132521,9/23/2017,9/25/2017,"Second Class",DW-13540,OFF-AP-10002191,119.96,2,0.00,33.59
1082,CA-2015-110016,11/29/2015,12/4/2015,"Standard Class",BT-11395,FUR-CH-10002880,1106.91,9,0.00,121.76
1086,US-2016-143819,3/1/2016,3/5/2016,"Standard Class",KD-16270,TEC-MA-10003979,4899.93,7,0.00,2400.97
1095,CA-2015-165085,12/27/2015,12/31/2015,"Standard Class",BT-11485,OFF-AP-10002518,355.96,2,0.00,103.23
1106,US-2016-110156,11/19/2016,11/24/2016,"Standard Class",EH-13945,OFF-ST-10000642,100.70,6,0.20,-16.36
1119,CA-2015-142755,9/4/2015,9/8/2015,"Standard Class",CS-12355,TEC-AC-10002049,619.95,5,0.00,111.59
1181,CA-2014-128146,6/21/2014,6/25/2014,"Standard Class",DB-13060,TEC-PH-10004539,1322.93,7,0.00,357.19
1191,CA-2017-117212,2/26/2017,2/28/2017,"Second Class",BT-11530,FUR-CH-10003973,892.22,3,0.20,89.22
1203,CA-2016-114727,7/18/2016,7/24/2016,"Standard Class",LS-16945,FUR-CH-10002331,854.35,3,0.20,10.68
1206,CA-2017-133235,8/1/2017,8/4/2017,"First Class",LH-16750,TEC-PH-10002660,271.96,5,0.20,17.00
1212,CA-2016-137050,7/14/2016,7/18/2016,"Second Class",SW-20755,FUR-BO-10004695,579.14,4,0.20,21.72
1220,US-2017-118087,9/9/2017,9/13/2017,"Standard Class",SP-20620,TEC-PH-10002200,1931.96,7,0.40,-386.39
1247,CA-2014-168494,12/12/2014,12/14/2014,"Second Class",NP-18700,FUR-TA-10003473,3610.85,12,0.20,135.41
1251,CA-2017-115602,12/18/2017,12/24/2017,"Standard Class",DJ-13630,OFF-AP-10000891,1704.56,13,0.00,511.37
1261,CA-2017-117079,10/23/2017,10/27/2017,"Standard Class",JR-15700,TEC-PH-10004586,863.88,3,0.20,107.99
1268,US-2014-167738,12/24/2014,12/29/2014,"Standard Class",JC-16105,FUR-CH-10001146,292.27,6,0.20,18.27
1281,CA-2016-160815,9/5/2016,9/6/2016,"First Class",TR-21325,TEC-PH-10003505,278.40,3,0.00,80.74
1296,CA-2015-138898,5/25/2015,5/29/2015,"Standard Class",JH-16180,OFF-AP-10004487,845.73,13,0.20,84.57
1305,US-2017-126179,7/3/2017,7/7/2017,"Standard Class",CS-12460,TEC-PH-10001557,287.97,3,0.00,77.75
1319,CA-2014-160773,7/1/2014,7/5/2014,"Standard Class",LW-16825,TEC-PH-10004586,575.92,2,0.20,71.99
1339,CA-2017-100524,3/31/2017,4/2/2017,"Second Class",CM-12115,TEC-PH-10002549,677.58,3,0.00,176.17
1368,US-2017-155425,11/10/2017,11/11/2017,"First Class",AB-10600,FUR-CH-10003312,899.14,4,0.20,-146.11
1370,US-2015-103471,12/24/2015,12/28/2015,"Standard Class",JR-15670,FUR-BO-10002613,590.06,7,0.70,-786.74
1375,CA-2015-120362,9/14/2015,9/19/2015,"Standard Class",CA-12265,FUR-TA-10003008,912.75,5,0.00,118.66
1395,US-2017-117247,10/9/2017,10/14/2017,"Standard Class",CK-12760,FUR-TA-10002958,652.45,5,0.50,-430.62
1417,CA-2015-126697,9/21/2015,9/24/2015,"First Class",SV-20815,TEC-PH-10002922,946.34,7,0.20,118.29
1434,CA-2014-120768,12/19/2014,12/21/2014,"Second Class",IM-15070,FUR-CH-10000513,1819.86,14,0.00,163.79
1439,CA-2015-139731,10/15/2015,10/15/2015,"Same Day",JE-15745,FUR-CH-10002024,2453.43,5,0.30,-350.49
1455,CA-2016-133711,11/26/2016,11/29/2016,"First Class",MC-17425,TEC-MA-10000010,3040.00,8,0.00,1459.20
1469,CA-2017-139199,12/9/2017,12/13/2017,"Standard Class",DK-12835,FUR-CH-10000847,872.94,3,0.00,226.96
1502,CA-2017-130386,11/12/2017,11/18/2017,"Standard Class",NG-18430,OFF-ST-10003716,540.05,3,0.20,-47.25
1506,CA-2015-153388,8/1/2015,8/7/2015,"Standard Class",PC-19000,FUR-TA-10003715,1004.98,6,0.20,-175.87
1517,CA-2017-148446,12/10/2017,12/14/2017,"Second Class",MC-17845,FUR-TA-10004256,1669.60,4,0.00,116.87
1540,CA-2017-121888,9/15/2017,9/17/2017,"Second Class",CL-11890,FUR-BO-10002545,782.94,3,0.00,203.56
1546,CA-2014-150245,12/31/2014,1/4/2015,"Second Class",PC-18745,FUR-BO-10002613,1573.49,7,0.20,196.69
1554,CA-2017-158386,10/16/2017,10/21/2017,"Standard Class",BO-11425,OFF-BI-10003719,124.75,5,0.00,57.39
1563,US-2017-102890,6/30/2017,6/30/2017,"Same Day",SG-20470,FUR-TA-10000577,1044.63,5,0.40,-295.98
1566,CA-2015-132101,3/19/2015,3/25/2015,"Standard Class",JO-15550,TEC-PH-10004539,453.58,3,0.20,39.69
1576,CA-2014-101602,12/15/2014,12/18/2014,"First Class",MC-18100,FUR-CH-10004675,763.28,5,0.30,-21.81
1583,CA-2015-131338,8/9/2015,8/12/2015,"First Class",NP-18325,OFF-BI-10000545,1217.57,2,0.20,456.59
1615,US-2016-113509,3/15/2016,3/19/2016,"Standard Class",PL-18925,TEC-AC-10004855,83.98,3,0.20,-13.65
1622,CA-2017-108560,7/8/2017,7/15/2017,"Standard Class",JC-15385,OFF-LA-10003930,786.48,8,0.00,385.38
1626,CA-2015-157084,12/19/2015,12/24/2015,"Standard Class",JG-15160,TEC-AC-10002049,1265.85,3,0.00,556.97
1645,CA-2015-111829,3/19/2015,3/20/2015,"First Class",FH-14365,TEC-CO-10001766,3149.93,7,0.00,1480.47
1651,CA-2014-135699,8/29/2014,8/29/2014,"Same Day",HH-15010,OFF-PA-10004475,109.92,2,0.00,53.86
1653,US-2017-132444,11/18/2017,11/21/2017,"First Class",CD-12280,OFF-ST-10003442,169.68,6,0.00,45.81
1672,CA-2016-107615,3/22/2016,3/25/2016,"First Class",RB-19645,TEC-AC-10001013,58.58,2,0.00,19.33
1689,CA-2017-143798,12/10/2017,12/12/2017,"First Class",AW-10840,FUR-FU-10004306,310.88,2,0.20,23.32
1702,CA-2015-114069,7/13/2015,7/15/2015,"Second Class",ND-18370,FUR-CH-10000595,1931.04,9,0.10,321.84
1714,US-2017-124968,9/8/2017,9/13/2017,"Second Class",MM-18055,FUR-TA-10004289,765.63,7,0.50,-566.56
1718,CA-2016-169943,5/19/2016,5/24/2016,"Standard Class",BN-11515,OFF-ST-10004123,454.90,5,0.00,0.00
1728,US-2017-164056,4/29/2017,5/4/2017,"Second Class",FM-14215,FUR-TA-10001307,1048.35,5,0.40,-69.89
1733,US-2016-131149,7/10/2016,7/14/2016,"Standard Class",LH-17155,OFF-ST-10000689,338.04,3,0.20,-33.80
1778,CA-2015-105347,11/24/2015,11/28/2015,"Standard Class",DP-13000,OFF-PA-10000675,368.91,9,0.00,180.77
1789,CA-2015-154326,2/15/2015,2/19/2015,"Standard Class",RP-19855,TEC-PH-10000560,699.98,2,0.00,195.99
1792,CA-2014-120474,12/1/2014,12/3/2014,"First Class",RP-19390,FUR-CH-10001854,2807.84,8,0.00,673.88
1797,US-2017-139465,8/27/2017,8/30/2017,"First Class",MR-17545,TEC-PH-10000455,347.97,3,0.00,100.91
1804,CA-2017-158379,9/22/2017,9/26/2017,"Second Class",JA-15970,OFF-SU-10002881,4663.74,7,0.20,-1049.34
1806,US-2016-116729,12/25/2016,12/28/2016,"First Class",GK-14620,TEC-PH-10002200,2575.94,7,0.20,257.59
1809,CA-2016-164938,2/11/2016,2/13/2016,"First Class",PB-19210,TEC-PH-10004897,69.93,7,0.00,0.70
1812,CA-2014-132612,6/9/2014,6/11/2014,"Second Class",FO-14305,FUR-TA-10004534,1441.30,7,0.00,245.02
1828,CA-2016-109344,2/8/2016,2/11/2016,"Second Class",CH-12070,TEC-PH-10002624,1127.98,3,0.20,126.90
1830,CA-2014-103373,5/18/2014,5/24/2014,"Standard Class",BS-11755,TEC-PH-10002885,779.80,2,0.40,-168.96
1831,CA-2017-145884,10/21/2017,10/21/2017,"Same Day",SL-20155,TEC-PH-10000895,1439.92,8,0.00,374.38
1834,CA-2017-162691,8/1/2017,8/7/2017,"Standard Class",AS-10045,TEC-MA-10000488,1439.98,3,0.40,-264.00
1837,CA-2017-122693,2/19/2017,2/21/2017,"Second Class",NH-18610,OFF-AP-10002518,1245.86,7,0.00,361.30
1846,US-2017-158512,1/12/2017,1/17/2017,"Second Class",DA-13450,OFF-PA-10001804,40.08,6,0.00,19.24
1851,CA-2015-160472,7/20/2015,7/25/2015,"Second Class",RK-19300,TEC-AC-10002253,831.20,5,0.00,124.68
1864,US-2016-100839,10/13/2016,10/17/2016,"Standard Class",NC-18625,FUR-TA-10004575,727.45,5,0.50,-465.57
1872,CA-2014-116932,7/21/2014,7/25/2014,"Standard Class",ME-18010,FUR-CH-10001215,801.57,2,0.20,50.10
1888,CA-2014-140165,5/13/2014,5/15/2014,"First Class",EH-14005,OFF-BI-10004519,398.35,8,0.70,-331.96
1897,CA-2017-141789,10/3/2017,10/6/2017,"First Class",AC-10450,OFF-BI-10001359,1793.98,2,0.00,843.17
1899,CA-2014-169775,8/29/2014,9/2/2014,"Second Class",RA-19945,OFF-BI-10004390,505.18,4,0.70,-336.78
1906,CA-2017-154410,10/21/2017,10/24/2017,"First Class",MD-17860,OFF-ST-10002743,909.12,8,0.00,9.09
1954,CA-2017-157987,9/2/2017,9/6/2017,"Standard Class",AC-10615,FUR-CH-10003379,1282.41,5,0.10,213.74
1977,CA-2014-110408,10/18/2014,10/20/2014,"Second Class",AS-10225,TEC-PH-10002352,1394.95,5,0.00,362.69
1987,CA-2016-147417,7/25/2016,7/27/2016,"First Class",CB-12415,TEC-CO-10001449,1439.98,4,0.40,192.00
1989,CA-2015-127509,11/9/2015,11/13/2015,"Standard Class",AS-10090,FUR-TA-10002855,1024.38,7,0.00,215.12
2004,CA-2017-163510,12/25/2017,12/28/2017,"Second Class",JW-15955,FUR-CH-10001146,304.45,5,0.00,76.11
2012,CA-2015-155761,12/11/2015,12/11/2015,"Same Day",SC-20800,TEC-AC-10001606,159.98,2,0.20,36.00
2030,CA-2015-117961,11/26/2015,11/30/2015,"Standard Class",GP-14740,OFF-ST-10001172,104.90,5,0.00,25.18
2057,CA-2017-120376,12/22/2017,12/25/2017,"First Class",TP-21130,FUR-CH-10002335,1586.69,7,0.00,412.54
2079,CA-2017-140676,9/12/2017,9/15/2017,"First Class",BF-11080,OFF-PA-10004243,94.85,5,0.00,45.53
2114,CA-2015-164882,10/31/2015,10/31/2015,"Same Day",SG-20080,TEC-PH-10001578,1295.84,4,0.20,145.78
2121,US-2017-168690,1/7/2017,1/13/2017,"Standard Class",TS-21085,OFF-BI-10000145,2.81,3,0.70,-1.97
2183,CA-2016-128818,5/7/2016,5/11/2016,"Standard Class",CJ-12010,TEC-MA-10000488,3999.95,5,0.00,1159.99
2190,CA-2017-143063,8/10/2017,8/15/2017,"Standard Class",IL-15100,TEC-PH-10003645,1454.49,9,0.00,378.17
2202,US-2014-165659,6/1/2014,6/6/2014,"Standard Class",LT-17110,TEC-PH-10002563,881.93,7,0.00,229.30
2210,CA-2014-125556,11/14/2014,11/16/2014,"Second Class",ML-17410,TEC-PH-10001079,832.93,7,0.00,233.22
2221,CA-2017-130841,7/28/2017,8/1/2017,"Standard Class",MH-17620,TEC-PH-10001817,1145.60,4,0.20,100.24
2232,CA-2017-157091,6/26/2017,7/1/2017,"Standard Class",DB-13405,FUR-FU-10000293,526.45,5,0.00,31.59
2233,CA-2017-132122,7/9/2017,7/14/2017,"Standard Class",JH-15820,OFF-ST-10003692,228.92,5,0.20,14.31
2240,CA-2016-146633,11/15/2016,11/17/2016,"Second Class",TG-21310,OFF-BI-10003527,1016.79,1,0.20,381.30
2247,CA-2017-103380,11/21/2017,11/25/2017,"Standard Class",BF-11005,TEC-PH-10004165,659.98,3,0.20,49.50
2258,CA-2017-105214,6/16/2017,6/19/2017,"First Class",TS-21610,FUR-CH-10000015,1212.96,7,0.20,90.97
2261,CA-2015-117611,11/8/2015,11/10/2015,"Second Class",MZ-17335,TEC-AC-10002049,371.97,3,0.00,66.95
2264,CA-2016-131065,11/14/2016,11/16/2016,"Second Class",AA-10375,TEC-AC-10004145,499.98,2,0.00,115.00
2274,CA-2015-142944,3/6/2015,3/11/2015,"Standard Class",JL-15850,TEC-CO-10003763,1119.98,2,0.20,377.99
2292,CA-2015-149342,4/20/2015,4/25/2015,"Standard Class",TS-21160,FUR-FU-10002937,595.38,6,0.00,297.69
2299,CA-2015-113145,11/1/2015,11/5/2015,"Standard Class",VD-21670,TEC-AC-10001838,1399.93,7,0.00,601.97
2304,CA-2017-157931,9/17/2017,9/22/2017,"Second Class",MO-17800,FUR-CH-10000785,723.92,4,0.00,188.22
2354,CA-2015-111514,8/31/2015,9/2/2015,"First Class",SC-20260,FUR-BO-10002545,1552.83,7,0.15,200.95
2358,US-2014-148838,3/17/2014,3/21/2014,"Standard Class",CP-12340,FUR-TA-10003473,1579.75,7,0.40,-447.59
2392,US-2015-127040,12/6/2015,12/10/2015,"Standard Class",SG-20605,TEC-AC-10002637,1619.91,9,0.00,97.19
2405,CA-2017-108574,10/7/2017,10/11/2017,"Standard Class",MG-18145,TEC-AC-10002049,1115.91,9,0.00,200.86
2415,CA-2016-156300,12/29/2016,1/2/2017,"Standard Class",TB-21595,FUR-CH-10001714,754.45,5,0.00,60.36
2417,CA-2017-168655,10/12/2017,10/18/2017,"Standard Class",ML-18040,TEC-AC-10002842,595.00,5,0.00,95.20
2419,CA-2016-107202,5/21/2016,5/28/2016,"Standard Class",LC-16930,TEC-MA-10000112,2396.40,10,0.20,179.73
2436,CA-2015-154746,11/14/2015,11/17/2015,"First Class",PJ-18835,OFF-AP-10003057,826.11,3,0.00,322.18
2443,CA-2016-146934,5/22/2016,5/27/2016,"Standard Class",AF-10870,OFF-AP-10003217,662.84,4,0.00,172.34
2468,CA-2017-128755,5/4/2017,5/8/2017,"Standard Class",MK-18160,OFF-ST-10003306,571.44,4,0.00,165.72
2472,US-2016-135923,1/22/2016,1/28/2016,"Standard Class",CM-11935,FUR-BO-10002213,451.14,4,0.20,-67.67
2477,CA-2016-114972,11/3/2016,11/6/2016,"First Class",PF-19225,OFF-AP-10003057,1101.48,4,0.00,429.58
2484,CA-2017-126067,8/28/2017,9/3/2017,"Standard Class",KN-16705,FUR-TA-10000617,1137.75,5,0.00,250.31
2490,CA-2015-141040,10/9/2015,10/13/2015,"Second Class",TB-21250,TEC-PH-10001835,631.96,4,0.00,303.34
2493,CA-2014-144624,11/19/2014,11/23/2014,"Standard Class",JM-15865,TEC-PH-10002885,4548.81,7,0.00,1228.18
2496,CA-2014-136644,6/16/2014,6/22/2014,"Standard Class",SC-20575,FUR-CH-10000225,647.84,8,0.00,32.39
2506,CA-2014-143917,7/25/2014,7/27/2014,"Second Class",KL-16645,OFF-SU-10000151,8187.65,5,0.00,327.51
2511,CA-2016-136812,11/18/2016,11/23/2016,"Standard Class",AW-10930,OFF-ST-10003470,1117.92,4,0.00,55.90
2517,CA-2014-128888,11/15/2014,11/22/2014,"Standard Class",PB-19105,OFF-EN-10003001,604.66,9,0.20,204.07
2521,CA-2016-124352,10/15/2016,10/21/2016,"Standard Class",CD-12790,OFF-AP-10002651,868.59,3,0.00,251.89
2535,US-2017-117723,8/15/2017,8/18/2017,"Second Class",DL-13495,OFF-ST-10004459,1801.63,6,0.20,-337.81
2540,CA-2015-113404,7/16/2015,7/16/2015,"Same Day",EM-13810,FUR-CH-10003312,1348.70,6,0.20,-219.16
2543,CA-2014-164385,9/26/2014,10/1/2014,"Second Class",NB-18580,OFF-AP-10002191,143.95,3,0.20,14.40
2555,CA-2016-118626,8/15/2016,8/20/2016,"Standard Class",JC-15775,TEC-PH-10000369,705.54,7,0.20,70.55
2559,CA-2015-147788,5/31/2015,6/4/2015,"Standard Class",TM-21010,FUR-BO-10004357,1406.86,7,0.00,140.69
2568,CA-2017-123967,11/1/2017,11/3/2017,"Second Class",SF-20200,FUR-TA-10003954,2665.62,9,0.00,239.91
2573,CA-2016-155845,8/12/2016,8/15/2016,"Second Class",CM-12235,TEC-AC-10004145,1399.94,7,0.20,52.50
2603,CA-2016-165848,6/4/2016,6/4/2016,"Same Day",EN-13780,TEC-MA-10003356,1349.85,3,0.00,364.46
2610,CA-2014-127446,11/25/2014,11/30/2014,"Standard Class",MC-17590,FUR-TA-10000577,1218.74,5,0.30,-121.87
2615,CA-2014-147298,4/26/2014,5/3/2014,"Standard Class",AG-10300,FUR-CH-10004886,230.28,3,0.20,23.03
2624,CA-2017-127180,10/22/2017,10/24/2017,"First Class",TA-21385,TEC-CO-10004722,11199.97,4,0.20,3919.99
2634,US-2017-110604,5/15/2017,5/20/2017,"Standard Class",JF-15295,FUR-CH-10004287,220.96,1,0.20,24.86
2637,CA-2015-162369,8/15/2015,8/19/2015,"Standard Class",TT-21265,OFF-ST-10000046,323.10,2,0.00,61.39
2641,CA-2017-108441,6/12/2017,6/18/2017,"Standard Class",SB-20170,FUR-CH-10000595,858.24,4,0.10,143.04
2661,CA-2017-123372,11/28/2017,12/2/2017,"Standard Class",DG-13300,TEC-PH-10002834,1979.89,11,0.00,494.97
2674,CA-2014-126403,9/9/2014,9/12/2014,"Second Class",RR-19525,OFF-ST-10000078,1325.85,5,0.00,238.65
2698,CA-2014-145317,3/18/2014,3/23/2014,"Standard Class",SM-20320,TEC-MA-10002412,22638.48,6,0.50,-1811.08
2705,CA-2017-156818,7/11/2017,7/13/2017,"Second Class",JD-16015,TEC-AC-10002323,132.60,6,0.00,17.24
2710,CA-2015-121797,1/30/2015,2/6/2015,"Standard Class",CC-12145,TEC-MA-10000488,1919.98,3,0.20,216.00
2729,CA-2017-119193,12/22/2017,12/24/2017,"First Class",SK-19990,TEC-PH-10003072,629.96,7,0.40,94.49
2731,CA-2017-104801,2/13/2017,2/19/2017,"Standard Class",FH-14350,TEC-AC-10001838,799.96,4,0.00,343.98
2750,US-2014-141257,6/8/2014,6/14/2014,"Standard Class",CS-11950,FUR-CH-10002758,585.55,3,0.20,73.19
2756,CA-2015-155306,4/17/2015,4/21/2015,"Standard Class",GA-14515,OFF-AP-10002651,1447.65,5,0.00,419.82
2760,CA-2016-146171,3/11/2016,3/15/2016,"Standard Class",JP-16135,OFF-ST-10001526,481.32,4,0.00,125.14
2768,CA-2017-167752,1/15/2017,1/18/2017,"First Class",RW-19690,OFF-AP-10002945,1924.16,8,0.20,312.68
2770,US-2015-122140,4/2/2015,4/7/2015,"Standard Class",MO-17950,TEC-AC-10003038,50.12,7,0.20,-0.63
2794,CA-2014-154599,4/12/2014,4/17/2014,"Standard Class",KN-16450,TEC-PH-10001557,1075.09,14,0.20,94.07
2801,CA-2016-153318,10/25/2016,10/28/2016,"First Class",JS-15595,TEC-PH-10000984,783.96,5,0.20,78.40
2841,US-2014-125521,3/14/2014,3/19/2014,"Standard Class",CK-12325,FUR-CH-10003379,1139.92,4,0.00,284.98
2845,US-2016-162852,12/27/2016,12/31/2016,"Standard Class",BG-11695,FUR-CH-10004853,845.49,8,0.30,-12.08
2847,CA-2017-152093,9/10/2017,9/15/2017,"Standard Class",SN-20560,OFF-BI-10003527,762.59,3,0.80,-1143.89
2849,CA-2017-157854,4/8/2017,4/15/2017,"Standard Class",DM-13345,OFF-BI-10001359,2690.97,3,0.00,1264.76
2857,CA-2016-128594,8/26/2016,8/29/2016,"First Class",DJ-13510,FUR-CH-10001215,1603.14,4,0.20,100.20
2877,US-2016-167339,1/21/2016,1/23/2016,"Second Class",TD-20995,FUR-CH-10000785,1013.49,7,0.20,76.01
2898,US-2016-164630,1/4/2016,1/9/2016,"Standard Class",EB-13975,TEC-CO-10000971,959.97,4,0.20,120.00
2929,US-2017-120390,10/19/2017,10/26/2017,"Standard Class",TH-21550,OFF-BI-10004995,1633.19,4,0.70,-1306.55
2964,CA-2017-137428,12/16/2017,12/21/2017,"Second Class",AY-10555,FUR-CH-10003817,97.18,2,0.20,6.07
2985,US-2014-112872,12/6/2014,12/11/2014,"Second Class",RC-19960,FUR-TA-10003238,275.49,1,0.50,-170.80
2988,CA-2016-139269,5/25/2016,5/30/2016,"Standard Class",JB-16045,OFF-ST-10000689,1267.65,9,0.00,152.12
2991,CA-2016-139010,2/21/2016,2/26/2016,"Second Class",MC-17635,OFF-ST-10001809,449.15,5,0.00,8.98
3007,CA-2017-116519,10/13/2017,10/15/2017,"First Class",CR-12730,OFF-AP-10000828,904.90,5,0.00,253.37
3012,CA-2017-134845,4/17/2017,4/23/2017,"Standard Class",SR-20425,TEC-MA-10000822,2549.99,5,0.70,-3399.98
3024,CA-2017-124674,11/17/2017,11/23/2017,"Standard Class",JB-16000,FUR-BO-10002202,327.73,2,0.32,-14.46
3045,CA-2015-135174,4/30/2015,5/2/2015,"Second Class",BP-11230,TEC-PH-10001530,1022.97,5,0.40,-255.74
3049,CA-2017-121419,4/2/2017,4/4/2017,"First Class",TC-21475,FUR-TA-10004534,411.80,2,0.00,70.01
3054,CA-2016-128517,4/9/2016,4/14/2016,"Second Class",SW-20350,TEC-PH-10002555,517.90,2,0.00,134.65
3070,US-2017-120089,11/30/2017,11/30/2017,"Same Day",ML-17755,OFF-AP-10003779,663.94,4,0.20,82.99
3071,CA-2014-119375,11/17/2014,11/22/2014,"Standard Class",YC-21895,OFF-ST-10002011,2934.33,7,0.00,792.27
3102,CA-2017-119578,12/22/2017,12/27/2017,"Second Class",JG-15310,OFF-SU-10003505,695.16,6,0.00,34.76
3113,CA-2016-150350,8/23/2016,8/30/2016,"Standard Class",MS-17770,TEC-MA-10001972,837.60,3,0.20,62.82
3132,CA-2014-136399,12/16/2014,12/17/2014,"First Class",CC-12100,TEC-PH-10004977,627.17,4,0.20,70.56
3146,CA-2017-131828,2/11/2017,2/13/2017,"Second Class",CS-11845,FUR-CH-10004495,963.14,4,0.20,108.35
3151,CA-2015-147830,12/15/2015,12/18/2015,"First Class",NF-18385,TEC-AC-10002049,2025.36,6,0.20,607.61
3169,CA-2016-138695,5/28/2016,6/3/2016,"Standard Class",KC-16675,FUR-CH-10003833,390.27,8,0.20,-24.39
3184,CA-2017-152912,11/9/2017,11/12/2017,"Second Class",BM-11650,OFF-ST-10003208,1633.14,9,0.00,473.61
3218,CA-2017-104640,11/10/2017,11/16/2017,"Standard Class",FH-14275,OFF-BI-10003925,931.18,3,0.20,314.27
3239,US-2016-127971,11/20/2016,11/27/2016,"Standard Class",DW-13195,FUR-CH-10003774,318.43,5,0.30,-77.33
3245,CA-2017-113355,12/1/2017,12/5/2017,"Standard Class",SJ-20215,FUR-CH-10002602,317.06,3,0.30,-18.12
3274,CA-2017-133865,5/8/2017,5/12/2017,"Standard Class",PS-19045,TEC-CO-10001046,3359.95,6,0.20,1049.99
3281,CA-2014-102988,4/5/2014,4/9/2014,"Second Class",GM-14695,OFF-SU-10002881,4164.05,5,0.00,83.28
3321,CA-2014-134551,12/20/2014,12/25/2014,"Standard Class",TS-21505,FUR-CH-10004287,662.88,3,0.20,74.57
3338,US-2017-109253,8/21/2017,8/22/2017,"First Class",PR-18880,FUR-TA-10001539,568.73,3,0.20,28.44
3351,CA-2016-147536,12/26/2016,12/31/2016,"Standard Class",AR-10510,TEC-AC-10003280,89.97,3,0.00,18.89
3371,CA-2016-134887,3/25/2016,3/25/2016,"Same Day",TB-21280,TEC-AC-10003832,1287.45,5,0.00,244.62
3392,CA-2014-166471,8/9/2014,8/13/2014,"Standard Class",MG-17650,TEC-PH-10001530,1091.17,4,0.20,68.20
3427,CA-2015-153381,9/24/2015,9/28/2015,"Standard Class",DE-13255,FUR-CH-10000988,1408.10,10,0.00,394.27
3444,CA-2017-168858,11/19/2017,11/23/2017,"Standard Class",JD-16150,OFF-AP-10003849,2504.74,7,0.00,626.19
3462,CA-2017-114258,11/5/2017,11/10/2017,"Second Class",EM-13825,TEC-PH-10003012,492.77,4,0.20,55.44
3485,CA-2014-124688,8/27/2014,8/29/2014,"First Class",CC-12610,FUR-TA-10003569,1202.94,3,0.00,300.74
3492,CA-2015-157322,7/2/2015,7/6/2015,"Standard Class",RH-19600,OFF-ST-10003208,435.50,3,0.20,48.99
3497,CA-2016-107328,8/8/2016,8/15/2016,"Standard Class",CA-12055,FUR-TA-10001932,513.02,2,0.20,12.83
3505,CA-2016-150945,12/18/2016,12/20/2016,"Second Class",JK-16120,OFF-ST-10003716,900.08,4,0.00,117.01
3520,CA-2015-124975,6/22/2015,6/25/2015,"First Class",MG-17875,FUR-TA-10002645,796.43,7,0.50,-525.64
3556,CA-2014-120838,3/23/2014,3/26/2014,"Second Class",PO-18865,TEC-PH-10003484,604.75,6,0.20,37.80
3567,CA-2017-103877,9/7/2017,9/14/2017,"Standard Class",RD-19660,OFF-BI-10003650,1577.94,3,0.00,757.41
3570,CA-2017-168109,7/3/2017,7/3/2017,"Same Day",JK-15640,TEC-MA-10001148,2395.20,6,0.20,209.58
3581,CA-2016-104157,7/25/2016,7/29/2016,"Standard Class",MT-17815,FUR-TA-10004915,2430.08,8,0.00,388.81
3588,CA-2017-121839,9/24/2017,9/28/2017,"Standard Class",MH-18115,TEC-PH-10002885,1169.69,3,0.40,-253.43
3603,CA-2014-159835,11/17/2014,11/24/2014,"Standard Class",RB-19330,FUR-CH-10004997,657.93,5,0.30,-93.99
3608,CA-2014-163559,9/23/2014,9/28/2014,"Second Class",ST-20530,OFF-BI-10002026,139.44,3,0.20,47.06
3615,CA-2017-112529,11/19/2017,11/21/2017,"First Class",SC-20770,FUR-TA-10002622,718.12,6,0.30,-71.81
3625,CA-2017-113530,5/19/2017,5/21/2017,"Second Class",BC-11125,FUR-CH-10002647,681.41,12,0.20,42.59
3655,CA-2017-133004,8/31/2017,9/5/2017,"Standard Class",AJ-10945,OFF-AP-10002439,638.73,9,0.00,166.07
3724,US-2014-169789,12/30/2014,1/4/2015,"Standard Class",MF-17665,OFF-BI-10004600,551.99,5,0.70,-459.99
3733,CA-2015-109575,9/18/2015,9/23/2015,"Standard Class",KH-16630,TEC-PH-10000895,1259.93,7,0.00,327.58
3736,CA-2017-168193,3/6/2017,3/11/2017,"Second Class",RM-19750,FUR-FU-10002554,71.97,3,0.00,16.55
3737,CA-2016-115476,3/17/2016,3/17/2016,"Same Day",VM-21835,TEC-PH-10000673,129.98,2,0.00,62.39
3768,CA-2015-103205,12/8/2015,12/10/2015,"Second Class",JJ-15760,TEC-PH-10004896,119.96,5,0.20,12.00
3769,CA-2014-153913,12/16/2014,12/20/2014,"Second Class",KB-16585,FUR-CH-10000988,1013.83,9,0.20,101.38
3771,CA-2016-155530,12/17/2016,12/21/2016,"Standard Class",CM-12160,FUR-TA-10004256,2003.52,6,0.20,-325.57
3800,CA-2017-147760,11/4/2017,11/5/2017,"First Class",KL-16555,TEC-PH-10002483,1359.96,5,0.20,119.00
3815,CA-2016-152471,7/8/2016,7/8/2016,"Same Day",ZD-21925,TEC-PH-10002824,823.96,5,0.20,51.50
3821,CA-2017-141873,10/9/2017,10/14/2017,"Standard Class",HG-14845,FUR-BO-10003034,314.35,3,0.20,-15.72
3824,CA-2015-140984,9/14/2015,9/18/2015,"Standard Class",CC-12685,OFF-ST-10000585,991.20,6,0.00,257.71
3834,CA-2014-105984,11/24/2014,11/24/2014,"Same Day",MY-18295,TEC-PH-10000560,1049.97,5,0.40,-209.99
3873,CA-2015-132486,10/23/2015,10/27/2015,"Second Class",JF-15355,FUR-CH-10001854,842.35,3,0.20,42.12
3892,US-2016-163881,11/24/2016,11/30/2016,"Standard Class",SP-20860,FUR-CH-10001394,1684.75,6,0.20,210.59
3905,CA-2015-167010,4/5/2015,4/10/2015,"Standard Class",VT-21700,OFF-ST-10003816,563.81,4,0.20,21.14
3939,CA-2015-118955,6/16/2015,6/20/2015,"Standard Class",LS-17230,FUR-CH-10001708,197.37,2,0.30,-25.38
3940,US-2016-143448,12/10/2016,12/10/2016,"Same Day",MH-17455,FUR-CH-10003379,1424.90,5,0.00,356.23
3944,US-2016-142685,6/23/2016,6/30/2016,"Standard Class",MG-17695,OFF-SU-10000157,835.17,7,0.00,16.70
3996,CA-2015-105627,3/8/2015,3/12/2015,"Standard Class",DK-12895,FUR-CH-10002084,860.93,7,0.00,189.40
4003,CA-2016-145730,3/3/2016,3/8/2016,"Standard Class",CC-12220,FUR-TA-10004915,637.90,3,0.30,-127.58
4036,US-2016-108777,12/12/2016,12/12/2016,"Same Day",JM-15655,TEC-AC-10002567,383.95,6,0.20,76.79
4049,US-2015-166520,7/16/2015,7/19/2015,"First Class",KE-16420,TEC-AC-10001990,599.90,10,0.00,191.97
4056,CA-2014-122931,9/29/2014,10/3/2014,"Standard Class",SM-20950,OFF-ST-10004459,1801.63,6,0.20,-337.81
4058,CA-2014-163034,11/24/2014,11/28/2014,"Standard Class",DK-12985,OFF-ST-10000046,646.20,5,0.20,-8.08
4073,CA-2015-156104,12/6/2015,12/8/2015,"Second Class",NP-18685,TEC-CO-10002095,999.98,2,0.00,449.99
4074,US-2015-164308,9/24/2015,9/27/2015,"First Class",SC-20680,TEC-PH-10004120,821.94,6,0.00,213.70
4089,US-2014-156559,8/19/2014,8/26/2014,"Standard Class",LH-16900,FUR-BO-10000711,638.82,9,0.00,172.48
4094,CA-2015-102491,8/24/2015,8/28/2015,"Standard Class",KW-16435,TEC-MA-10000864,3080.00,7,0.00,1416.80
4099,CA-2014-116904,9/23/2014,9/28/2014,"Standard Class",SC-20095,OFF-BI-10001120,9449.95,5,0.00,4630.48
4119,CA-2015-153416,11/24/2015,11/29/2015,"Standard Class",TS-21340,OFF-ST-10000060,454.86,7,0.00,54.58
4129,CA-2014-127299,9/19/2014,9/24/2014,"Standard Class",JL-15835,TEC-MA-10001127,2624.99,3,0.50,-944.99
4137,CA-2017-105914,10/2/2017,10/8/2017,"Standard Class",PV-18985,OFF-ST-10003716,1575.14,7,0.00,204.77
4191,CA-2017-166709,11/17/2017,11/22/2017,"Standard Class",HL-15040,TEC-CO-10004722,10499.97,3,0.00,5039.99
4201,CA-2015-143105,12/10/2015,12/10/2015,"Same Day",MA-17560,TEC-CO-10002095,799.98,2,0.20,250.00
4209,CA-2014-145387,10/31/2014,11/2/2014,"Second Class",AM-10705,FUR-CH-10002320,1604.90,5,0.00,481.47
4219,CA-2017-149881,4/1/2017,4/3/2017,"First Class",NC-18535,TEC-MA-10000418,4799.98,2,0.20,360.00
4247,CA-2017-117702,11/28/2017,12/4/2017,"Standard Class",LS-16975,FUR-FU-10000576,1049.20,5,0.00,272.79
4250,CA-2016-157336,12/1/2016,12/5/2016,"Second Class",SJ-20500,FUR-CH-10004997,751.92,4,0.00,150.38
4267,US-2016-131611,11/5/2016,11/9/2016,"Standard Class",EP-13915,FUR-BO-10000780,956.66,7,0.32,-225.10
4278,US-2016-107440,4/16/2016,4/20/2016,"Standard Class",BS-11365,TEC-MA-10001047,9099.93,7,0.00,2365.98
4292,CA-2017-102407,12/9/2017,12/13/2017,"Second Class",AT-10435,FUR-TA-10003748,896.33,9,0.20,22.41
4298,CA-2017-129021,8/23/2017,8/26/2017,"Second Class",PO-18850,TEC-PH-10001459,4367.90,13,0.20,327.59
4306,CA-2014-162278,10/26/2014,10/30/2014,"Second Class",AH-10585,TEC-PH-10000526,383.96,5,0.20,38.40
4317,CA-2015-115945,6/25/2015,7/1/2015,"Standard Class",AB-10165,OFF-ST-10001963,304.23,3,0.00,9.13
4347,CA-2016-120355,9/18/2016,9/25/2016,"Standard Class",MM-17260,FUR-CH-10001394,631.78,2,0.10,140.40
4350,CA-2017-169894,11/24/2017,11/29/2017,"Second Class",MV-17485,OFF-ST-10000060,415.87,8,0.20,-41.59
4356,CA-2015-155600,12/4/2015,12/7/2015,"Second Class",RO-19780,OFF-BI-10000545,1598.06,7,0.70,-1065.37
4360,CA-2017-162565,12/11/2017,12/11/2017,"Same Day",RR-19315,FUR-CH-10003973,520.46,2,0.30,-14.87
4365,CA-2017-111332,5/20/2017,5/22/2017,"Second Class",NC-18340,OFF-ST-10003816,704.76,4,0.00,162.09
4378,CA-2014-166954,4/25/2014,4/30/2014,"Standard Class",BT-11305,FUR-CH-10003973,1487.04,5,0.20,148.70
4391,CA-2017-111556,11/20/2017,11/22/2017,"First Class",CD-11920,TEC-PH-10001459,1259.97,3,0.00,327.59
4402,CA-2016-131737,3/17/2016,3/17/2016,"Same Day",GZ-14470,FUR-FU-10004306,971.50,5,0.00,252.59
4408,CA-2016-100041,11/20/2016,11/25/2016,"Standard Class",BF-10975,OFF-PA-10000418,314.55,3,0.00,150.98
4415,CA-2017-132339,8/19/2017,8/23/2017,"Standard Class",JB-15400,OFF-BI-10003925,387.99,1,0.00,182.36
4424,CA-2017-159464,5/18/2017,5/19/2017,"First Class",TB-21355,FUR-BO-10003546,302.94,3,0.00,75.74
4435,CA-2016-168893,11/3/2016,11/8/2016,"Second Class",AP-10915,FUR-TA-10003392,842.94,3,0.00,160.16
4442,US-2016-111290,7/22/2016,7/26/2016,"Standard Class",DK-13375,OFF-ST-10001932,965.85,5,0.00,135.22
4469,CA-2017-168641,11/24/2017,12/1/2017,"Standard Class",KA-16525,FUR-BO-10000780,321.57,2,0.20,-16.08
4478,CA-2017-130211,10/22/2017,10/22/2017,"Same Day",BD-11620,OFF-ST-10000129,333.09,3,0.00,23.32
4496,CA-2017-112753,6/18/2017,6/23/2017,"Standard Class",CC-12670,FUR-BO-10004015,917.92,9,0.15,75.59
4498,CA-2017-155075,12/2/2017,12/9/2017,"Standard Class",GW-14605,OFF-BI-10003650,631.18,4,0.70,-462.86
4520,CA-2017-107167,6/10/2017,6/14/2017,"Standard Class",ND-18460,OFF-ST-10003805,1347.52,8,0.20,84.22
4531,CA-2016-118759,11/14/2016,11/17/2016,"First Class",MB-17305,FUR-CH-10002335,408.01,2,0.10,72.53
4573,CA-2017-126662,7/17/2017,7/21/2017,"Standard Class",AB-10255,TEC-CO-10004202,479.98,2,0.20,90.00
4579,CA-2015-110947,6/9/2015,6/15/2015,"Standard Class",AG-10765,OFF-BI-10001670,113.10,3,0.00,56.55
4587,US-2017-163790,11/2/2017,11/4/2017,"Second Class",NL-18310,OFF-BI-10003718,590.35,6,0.20,206.62
4595,CA-2016-129868,12/26/2016,12/31/2016,"Standard Class",MC-18130,FUR-TA-10003473,902.71,3,0.20,33.85
4620,CA-2017-145219,12/24/2017,12/25/2017,"First Class",RM-19675,TEC-CO-10001449,2879.95,6,0.20,1007.98
4640,CA-2016-102162,9/11/2016,9/16/2016,"Standard Class",JF-15565,TEC-CO-10001943,1599.92,8,0.00,751.96
4643,CA-2017-130141,10/22/2017,10/24/2017,"Second Class",HA-14905,FUR-CH-10000749,579.14,4,0.20,-28.96
4645,CA-2015-147501,8/2/2015,8/6/2015,"Standard Class",Co-12640,TEC-MA-10001972,558.40,2,0.20,41.88
4648,CA-2016-139556,4/26/2016,5/1/2016,"Standard Class",DB-13360,FUR-CH-10004983,434.65,3,0.10,62.78
4662,CA-2015-112130,5/3/2015,5/7/2015,"Standard Class",SV-20785,FUR-CH-10002965,844.12,6,0.30,-36.18
4683,CA-2016-127698,12/1/2016,12/1/2016,"Same Day",MV-18190,TEC-PH-10003811,863.93,9,0.20,86.39
4684,CA-2016-159912,8/29/2016,9/3/2016,"Standard Class",GB-14530,FUR-TA-10004152,241.92,4,0.40,-56.45
4708,CA-2017-138149,6/29/2017,6/30/2017,"First Class",WB-21850,OFF-BI-10003091,895.92,5,0.20,302.37
4716,US-2015-122910,5/12/2015,5/16/2015,"Standard Class",LT-16765,TEC-PH-10000441,201.58,2,0.20,20.16
4727,CA-2014-119151,11/25/2014,11/29/2014,"Second Class",MP-18175,OFF-ST-10003470,1117.92,4,0.00,55.90
4735,CA-2016-120530,4/7/2016,4/12/2016,"Standard Class",Dl-13600,FUR-CH-10000454,658.75,3,0.10,146.39
4739,CA-2015-105725,2/18/2015,2/24/2015,"Standard Class",GT-14755,OFF-LA-10003510,61.06,2,0.00,28.09
4745,CA-2017-168123,3/5/2017,3/5/2017,"Same Day",JD-16060,OFF-ST-10000877,221.16,4,0.00,57.50
4811,CA-2015-151589,12/27/2015,12/30/2015,"First Class",RE-19450,TEC-PH-10004345,239.90,2,0.00,71.97
4813,CA-2016-121370,11/14/2016,11/19/2016,"Second Class",EB-14110,TEC-CO-10004115,1199.98,4,0.40,180.00
4851,CA-2014-107818,9/8/2014,9/14/2014,"Standard Class",MC-17275,FUR-CH-10000454,975.92,5,0.20,121.99
4859,CA-2015-137526,1/13/2015,1/17/2015,"Standard Class",PB-19150,FUR-FU-10004845,464.85,9,0.00,92.97
4866,CA-2017-122490,11/13/2017,11/18/2017,"Standard Class",TT-21070,FUR-CH-10001215,2404.70,6,0.20,150.29
4882,CA-2017-143567,11/2/2017,11/5/2017,"Second Class",TB-21175,TEC-AC-10004145,2249.91,9,0.00,517.48
4890,CA-2016-163167,11/28/2016,12/1/2016,"Second Class",RF-19345,OFF-ST-10003805,1263.30,6,0.00,315.83
4901,CA-2017-120936,12/17/2017,12/21/2017,"Standard Class",CA-12310,OFF-ST-10001526,481.32,4,0.00,125.14
4905,US-2014-161613,12/1/2014,12/3/2014,"Second Class",MC-17605,FUR-CH-10003746,674.06,3,0.30,-19.26
4920,CA-2016-160304,1/2/2016,1/7/2016,"Standard Class",BM-11575,TEC-PH-10000455,231.98,2,0.00,67.27
4938,CA-2014-157147,1/13/2014,1/18/2014,"Standard Class",BD-11605,OFF-ST-10000078,1325.85,5,0.00,238.65
4976,CA-2015-142202,9/18/2015,9/23/2015,"Second Class",JR-16210,TEC-AC-10003198,717.12,9,0.20,152.39
4988,CA-2016-149279,4/24/2016,4/28/2016,"Standard Class",CL-12700,FUR-CH-10004287,1325.76,6,0.20,149.15
4992,US-2017-122714,12/7/2017,12/13/2017,"Standard Class",HG-14965,OFF-BI-10001120,1889.99,5,0.80,-2929.48
4997,CA-2017-155824,3/10/2017,3/15/2017,"Standard Class",KS-16300,OFF-AP-10000390,48.78,1,0.20,3.66
5006,CA-2015-158659,11/10/2015,11/14/2015,"Second Class",SC-20695,OFF-ST-10003306,714.30,5,0.00,207.15
5007,CA-2015-169796,11/9/2015,11/14/2015,"Standard Class",Dp-13240,TEC-MA-10000045,2321.90,2,0.00,1114.51
5010,CA-2015-102876,9/7/2015,9/14/2015,"Standard Class",LR-17035,TEC-PH-10002680,791.96,6,0.40,-131.99
5017,CA-2014-153850,11/24/2014,11/29/2014,"Standard Class",TH-21100,TEC-PH-10002584,1502.38,4,0.40,-250.40
5023,CA-2016-133795,12/18/2016,12/24/2016,"Standard Class",JE-15475,TEC-AC-10003832,772.47,3,0.00,146.77
5035,CA-2015-103954,8/9/2015,8/13/2015,"Second Class",HR-14770,FUR-BO-10004690,687.40,5,0.00,48.12
5050,US-2014-104759,3/31/2014,4/4/2014,"Standard Class",DD-13570,TEC-AC-10004901,79.98,2,0.20,14.00
5056,CA-2015-141243,1/3/2015,1/8/2015,"Second Class",AH-10465,FUR-BO-10003272,1352.40,9,0.32,-437.54
5067,CA-2017-142090,11/30/2017,12/7/2017,"Standard Class",SC-20380,FUR-TA-10001889,1781.68,7,0.40,-653.28
5095,US-2014-140452,12/6/2014,12/10/2014,"Standard Class",BK-11260,FUR-TA-10004086,214.95,5,0.50,-120.37
5119,CA-2015-127173,9/26/2015,10/3/2015,"Standard Class",GM-14500,TEC-MA-10002859,629.93,7,0.00,296.07
5127,CA-2014-160766,9/14/2014,9/14/2014,"Same Day",DM-13015,TEC-MA-10003979,2799.96,4,0.00,1371.98
5142,CA-2016-111213,4/1/2016,4/5/2016,"Standard Class",FP-14320,FUR-CH-10000454,1317.49,6,0.10,292.78
5149,CA-2017-128734,12/24/2017,12/31/2017,"Standard Class",JL-15175,FUR-CH-10001394,842.38,3,0.20,105.30
5156,US-2015-124219,8/7/2015,8/8/2015,"First Class",KW-16570,FUR-FU-10000305,212.94,3,0.00,34.07
5157,CA-2017-163006,6/30/2017,7/4/2017,"Second Class",GH-14410,TEC-PH-10002584,1001.58,2,0.20,125.20
5162,CA-2014-111192,7/30/2014,8/5/2014,"Standard Class",TS-21430,FUR-BO-10002916,1367.84,8,0.00,259.89
5171,CA-2016-122903,5/27/2016,5/29/2016,"Second Class",LA-16780,FUR-CH-10002024,3504.90,5,0.00,700.98
5186,CA-2015-134719,10/10/2015,10/15/2015,"Standard Class",JD-15790,OFF-ST-10004459,1801.63,6,0.20,-337.81
5187,US-2015-154389,11/27/2015,12/3/2015,"Standard Class",EH-14125,TEC-PH-10002789,748.75,8,0.40,-162.23
5189,CA-2015-115567,9/13/2015,9/18/2015,"Standard Class",ZC-21910,FUR-CH-10000015,1516.20,7,0.00,394.21
5199,CA-2016-103982,3/3/2016,3/8/2016,"Standard Class",AA-10315,OFF-SU-10000151,3930.07,3,0.20,-786.01
5234,CA-2014-115084,10/18/2014,10/22/2014,"Standard Class",LS-17200,FUR-CH-10004626,605.34,6,0.00,145.28
5251,US-2016-169369,12/12/2016,12/18/2016,"Standard Class",EC-14050,TEC-AC-10001314,249.95,5,0.00,20.00
5291,CA-2014-146283,9/8/2014,9/15/2014,"Standard Class",KT-16465,FUR-CH-10004287,966.70,5,0.30,-13.81
5298,CA-2017-108791,7/27/2017,7/31/2017,"Standard Class",TM-21490,TEC-PH-10002660,543.92,8,0.00,135.98
5301,CA-2016-113831,5/30/2016,6/3/2016,"Standard Class",AH-10690,FUR-TA-10002645,2275.50,10,0.00,386.84
5311,CA-2017-131254,11/19/2017,11/21/2017,"First Class",NC-18415,OFF-BI-10003527,1525.19,6,0.80,-2287.78
5342,CA-2015-146486,11/9/2015,11/14/2015,"Second Class",DV-13465,TEC-AC-10002637,899.95,5,0.00,54.00
5344,US-2014-168501,11/21/2014,11/27/2014,"Standard Class",JK-15325,TEC-PH-10004922,267.96,5,0.20,16.75
5381,CA-2016-136021,8/14/2016,8/18/2016,"Standard Class",JM-15580,TEC-MA-10000423,105.55,6,0.20,35.62
5395,US-2014-123183,11/19/2014,11/25/2014,"Standard Class",GR-14560,FUR-BO-10000362,1025.88,6,0.00,235.95
5400,CA-2016-117681,4/9/2016,4/14/2016,"Standard Class",HF-14995,FUR-BO-10001798,556.67,5,0.15,6.55
5402,CA-2017-132262,9/21/2017,9/23/2017,"First Class",ML-18265,TEC-AC-10000303,79.98,2,0.00,26.39
5426,CA-2016-153598,12/3/2016,12/6/2016,"First Class",NM-18520,TEC-AC-10003870,1649.95,5,0.00,659.98
5440,CA-2016-167115,4/4/2016,4/9/2016,"Standard Class",EH-14185,OFF-BI-10004600,588.78,2,0.20,184.00
5495,CA-2014-105249,11/28/2014,11/28/2014,"Same Day",DH-13675,FUR-BO-10000330,411.33,4,0.15,-4.84
5517,US-2016-138408,11/18/2016,11/21/2016,"Second Class",KC-16255,TEC-AC-10003870,1319.96,4,0.00,527.98
5522,CA-2017-117667,12/4/2017,12/9/2017,"Standard Class",MS-17980,TEC-AC-10000580,255.97,4,0.20,-28.80
5531,CA-2017-160885,12/2/2017,12/6/2017,"Standard Class",JK-16090,TEC-PH-10001795,2479.96,4,0.00,743.99
5563,CA-2017-133263,3/31/2017,4/2/2017,"Second Class",JE-15610,TEC-CO-10001449,2999.95,5,0.00,1439.98
5569,CA-2017-157966,3/13/2017,3/13/2017,"Same Day",SU-20665,TEC-CO-10001449,959.98,2,0.20,335.99
5577,CA-2016-136686,12/12/2016,12/16/2016,"Standard Class",RF-19840,FUR-FU-10004864,383.64,6,0.00,122.76
5586,CA-2017-105333,11/30/2017,12/4/2017,"Standard Class",VP-21730,TEC-PH-10001468,546.06,3,0.00,163.82
5616,CA-2016-158001,8/23/2016,8/27/2016,"Standard Class",JP-15460,OFF-AP-10002118,1040.80,5,0.00,281.02
5627,CA-2014-126683,9/29/2014,10/1/2014,"Second Class",PP-18955,FUR-TA-10002958,2348.82,9,0.00,399.30
5639,CA-2014-154893,12/21/2014,12/27/2014,"Standard Class",GM-14440,FUR-CH-10004287,1325.76,6,0.20,149.15
5652,CA-2017-142342,7/17/2017,7/19/2017,"Second Class",AJ-10795,FUR-BO-10002613,1194.17,5,0.15,210.74
5659,CA-2016-145261,12/18/2016,12/21/2016,"First Class",AH-10120,FUR-TA-10002530,377.45,5,0.50,-264.22
5684,CA-2014-164315,4/2/2014,4/8/2014,"Standard Class",RD-19585,TEC-PH-10001128,1049.93,7,0.00,293.98
5711,US-2015-160857,5/8/2015,5/15/2015,"Standard Class",NW-18400,TEC-CO-10004115,2799.94,7,0.20,1014.98
5725,CA-2014-103191,9/22/2014,9/27/2014,"Standard Class",VG-21805,OFF-ST-10002574,331.54,3,0.20,-82.88
5726,CA-2015-103933,9/25/2015,9/27/2015,"First Class",DR-12880,TEC-AC-10004171,899.91,9,0.00,395.96
5729,CA-2017-117324,12/8/2017,12/13/2017,"Standard Class",JP-15520,OFF-AP-10003590,1089.75,3,0.00,305.13
5754,CA-2016-118514,2/3/2016,2/10/2016,"Standard Class",LC-17050,FUR-CH-10000015,866.40,4,0.00,225.26
5757,CA-2014-163748,10/14/2014,10/18/2014,"Standard Class",HG-15025,TEC-CO-10002095,1999.96,5,0.20,624.99
5760,US-2016-111528,12/30/2016,12/30/2016,"Same Day",JP-16135,OFF-ST-10001526,481.32,4,0.00,125.14
5765,CA-2015-117772,9/10/2015,9/12/2015,"Second Class",MC-17575,OFF-ST-10003994,353.88,6,0.00,17.69
5772,CA-2015-103835,9/24/2015,9/28/2015,"Standard Class",SC-20440,OFF-AP-10002651,1158.12,4,0.00,335.85
5773,CA-2015-158939,11/26/2015,12/1/2015,"Standard Class",EA-14035,TEC-CO-10002313,599.99,1,0.00,234.00
5775,CA-2016-142398,4/12/2016,4/16/2016,"Standard Class",BP-11290,FUR-CH-10001545,638.29,7,0.20,-31.91
5789,CA-2017-115070,4/10/2017,4/14/2017,"Second Class",MG-18205,FUR-FU-10003829,12.32,5,0.20,1.85
5796,CA-2014-124856,9/29/2014,10/3/2014,"Second Class",LD-17005,OFF-ST-10002615,1395.54,9,0.00,362.84
5816,CA-2014-124730,11/26/2014,11/26/2014,"Same Day",LS-17245,TEC-PH-10002170,279.96,4,0.00,78.39
5823,CA-2017-117632,5/12/2017,5/18/2017,"Standard Class",CS-12175,FUR-TA-10001520,285.48,5,0.20,-10.71
5826,CA-2017-161067,9/3/2017,9/6/2017,"Second Class",KB-16405,OFF-PA-10000418,419.40,4,0.00,201.31
5832,CA-2015-111206,7/18/2015,7/22/2015,"Standard Class",RF-19735,TEC-AC-10003095,519.96,4,0.00,176.79
5860,CA-2015-108119,11/1/2015,11/8/2015,"Standard Class",MS-17530,FUR-TA-10002530,301.96,2,0.00,45.29
5867,US-2014-117968,8/5/2014,8/7/2014,"Second Class",RS-19420,FUR-CH-10002335,1133.35,5,0.00,294.67
5870,CA-2016-152247,11/7/2016,11/12/2016,"Standard Class",MA-17995,FUR-CH-10001215,1603.14,4,0.20,100.20
5871,CA-2016-128223,6/14/2016,6/14/2016,"Same Day",EB-13705,FUR-TA-10001771,1293.49,7,0.20,80.84
5877,CA-2014-152443,5/21/2014,5/26/2014,"Standard Class",FG-14260,OFF-BI-10001071,447.86,7,0.00,219.45
5885,CA-2016-136301,3/13/2016,3/15/2016,"Second Class",EH-13765,OFF-SU-10000151,4912.59,3,0.00,196.50
5918,US-2015-126977,9/17/2015,9/23/2015,"Standard Class",PF-19120,FUR-BO-10004834,4228.70,6,0.20,158.58
5926,CA-2017-150420,6/3/2017,6/8/2017,"Standard Class",GD-14590,TEC-AC-10004975,1099.50,10,0.00,362.84
5927,US-2014-118997,4/8/2014,4/12/2014,"Standard Class",RA-19885,FUR-TA-10001086,1215.92,8,0.00,316.14
5943,CA-2016-151092,8/6/2016,8/13/2016,"Standard Class",VG-21790,TEC-PH-10001700,211.17,4,0.20,18.48
5973,CA-2017-115105,2/6/2017,2/11/2017,"Standard Class",BD-11770,FUR-BO-10001811,240.78,1,0.20,30.10
5978,CA-2017-116953,4/24/2017,4/25/2017,"First Class",SV-20935,TEC-PH-10004614,552.00,10,0.20,34.50
5991,US-2017-163300,9/15/2017,9/21/2017,"Standard Class",ES-14020,OFF-BI-10004390,2357.49,7,0.20,884.06
5996,CA-2016-162187,12/11/2016,12/11/2016,"Same Day",NS-18640,FUR-CH-10003298,458.43,5,0.30,-137.53
6011,CA-2015-135580,12/30/2015,1/3/2016,"Standard Class",CL-12565,TEC-MA-10004002,2548.56,6,0.20,286.71
6015,CA-2016-159016,3/10/2016,3/11/2016,"First Class",KF-16285,TEC-PH-10002885,4158.91,8,0.20,363.90
6041,CA-2017-122364,9/24/2017,9/29/2017,"Standard Class",FA-14230,TEC-PH-10001817,859.20,3,0.20,75.18
6047,CA-2016-154662,6/9/2016,6/16/2016,"Standard Class",BF-11215,FUR-TA-10001771,692.94,3,0.00,173.24
6063,CA-2015-111780,12/25/2015,12/30/2015,"Second Class",RA-19285,TEC-CO-10004202,1199.96,5,0.20,224.99
6068,CA-2017-166695,5/20/2017,5/24/2017,"Standard Class",CC-12430,FUR-CH-10000225,518.27,8,0.20,-97.18
6100,CA-2017-100111,9/20/2017,9/26/2017,"Standard Class",SV-20365,FUR-CH-10004086,2888.13,11,0.10,609.72
6114,CA-2016-124590,11/12/2016,11/16/2016,"Standard Class",SP-20920,FUR-CH-10000454,1537.07,9,0.30,0.00
6117,US-2016-113677,11/13/2016,11/19/2016,"Standard Class",CM-12655,TEC-PH-10002114,2279.96,4,0.00,592.79
6128,CA-2016-124100,3/31/2016,4/6/2016,"Standard Class",EH-13990,FUR-CH-10003817,328.00,6,0.10,54.67
6132,CA-2014-163447,12/27/2014,12/31/2014,"Standard Class",TB-21190,FUR-CH-10004477,767.21,14,0.10,161.97
6134,CA-2016-148096,8/16/2016,8/19/2016,"First Class",AO-10810,FUR-TA-10004152,161.28,2,0.20,12.10
6149,CA-2016-161928,6/27/2016,6/29/2016,"Second Class",AC-10660,TEC-PH-10003484,201.58,2,0.20,12.60
6152,CA-2014-111871,3/18/2014,3/21/2014,"Second Class",EK-13795,FUR-BO-10004218,1198.33,10,0.15,70.49
6175,US-2014-106299,8/2/2014,8/8/2014,"Standard Class",NZ-18565,OFF-ST-10002011,838.38,2,0.00,226.36
6176,CA-2015-158421,9/21/2015,9/26/2015,"Standard Class",GB-14575,FUR-CH-10000309,1690.04,4,0.00,422.51
6191,CA-2016-157259,12/24/2016,12/28/2016,"Standard Class",JM-15535,FUR-FU-10003192,799.56,9,0.00,207.89
6208,CA-2016-133697,10/20/2016,10/24/2016,"Second Class",CM-12445,FUR-CH-10002372,56.69,1,0.30,-14.58
6210,CA-2017-119809,8/18/2017,8/25/2017,"Standard Class",YS-21880,OFF-BI-10003925,2793.53,9,0.20,942.82
6227,CA-2015-133445,10/5/2015,10/9/2015,"Standard Class",JF-15490,FUR-CH-10000422,291.17,4,0.20,-14.56
6235,US-2017-142188,9/11/2017,9/11/2017,"Same Day",JF-15415,OFF-BI-10004600,1471.96,5,0.20,459.99
6242,CA-2017-141572,5/28/2017,5/31/2017,"Second Class",LO-17170,FUR-FU-10001185,247.44,8,0.00,101.45
6290,US-2015-139675,3/13/2015,3/18/2015,"Second Class",NF-18595,FUR-CH-10004063,915.14,4,0.20,102.95
6292,CA-2017-143756,12/2/2017,12/5/2017,"First Class",ME-17725,FUR-CH-10001854,701.96,2,0.00,168.47
6296,CA-2014-141313,12/28/2014,1/1/2015,"Standard Class",AJ-10780,OFF-AP-10002651,1737.18,6,0.00,503.78
6309,CA-2016-163328,11/4/2016,11/6/2016,"Second Class",TP-21565,FUR-CH-10000229,650.35,3,0.20,-97.55
6313,CA-2017-120019,2/16/2017,2/21/2017,"Standard Class",NG-18355,OFF-ST-10001932,579.51,3,0.00,81.13
6341,CA-2017-143112,10/5/2017,10/9/2017,"Standard Class",TS-21370,TEC-MA-10001047,5199.96,4,0.00,1351.99
6352,CA-2017-161130,11/3/2017,11/8/2017,"Standard Class",BF-11275,TEC-PH-10002549,361.38,2,0.20,27.10
6364,CA-2017-110443,11/21/2017,11/25/2017,"Standard Class",CK-12205,TEC-MA-10002073,1039.99,1,0.20,104.00
6399,CA-2017-151981,8/6/2017,8/12/2017,"Standard Class",GM-14455,TEC-PH-10003601,824.95,5,0.00,247.49
6426,CA-2016-143714,5/23/2016,5/27/2016,"Standard Class",CC-12370,TEC-CO-10004722,8399.98,4,0.40,1120.00
6431,CA-2014-165764,11/3/2014,11/7/2014,"Standard Class",SH-20395,FUR-TA-10001768,945.04,6,0.40,-299.26
6468,CA-2016-163804,12/2/2016,12/8/2016,"Standard Class",DB-13270,OFF-ST-10000142,2079.40,5,0.00,582.23
6480,CA-2017-140872,6/3/2017,6/10/2017,"Standard Class",NR-18550,TEC-PH-10000441,503.96,5,0.20,50.40
6487,CA-2015-120621,3/21/2015,3/26/2015,"Standard Class",JW-16075,OFF-AP-10002945,962.08,4,0.20,156.34
6500,CA-2015-103135,7/24/2015,7/28/2015,"Standard Class",SS-20515,TEC-AC-10003289,279.86,14,0.00,64.37
6505,CA-2017-128265,11/17/2017,11/22/2017,"Second Class",VW-21775,OFF-ST-10000142,1247.64,3,0.00,349.34
6506,CA-2016-152331,6/26/2016,6/30/2016,"Standard Class",LD-16855,OFF-AR-10001547,5.30,3,0.20,0.46
6521,CA-2017-138289,1/16/2017,1/18/2017,"Second Class",AR-10540,OFF-BI-10004995,5443.96,4,0.00,2504.22
6528,CA-2016-157791,12/23/2016,12/28/2016,"Second Class",CA-11965,TEC-CO-10002095,1999.96,4,0.00,899.98
6536,CA-2014-128209,11/17/2014,11/22/2014,"Standard Class",GT-14710,FUR-BO-10002213,4007.84,10,0.20,-50.10
6548,CA-2014-113880,3/1/2014,3/5/2014,"Standard Class",VF-21715,FUR-CH-10000863,634.12,6,0.30,-172.12
6559,CA-2015-166947,6/5/2015,6/10/2015,"Standard Class",EB-13750,FUR-CH-10004997,1522.64,9,0.10,169.18
6566,CA-2014-166086,5/7/2014,5/12/2014,"Standard Class",CT-11995,FUR-CH-10004675,872.32,4,0.00,244.25
6574,CA-2016-160535,11/25/2016,11/30/2016,"Standard Class",BP-11050,OFF-ST-10000689,563.40,4,0.00,67.61
6576,CA-2017-123085,3/3/2017,3/8/2017,"Standard Class",EJ-13720,TEC-AC-10000990,1049.44,8,0.00,440.76
6621,US-2017-167402,1/13/2017,1/18/2017,"Second Class",CP-12085,OFF-SU-10002881,4164.05,5,0.00,83.28
6627,CA-2014-145541,12/14/2014,12/21/2014,"Standard Class",TB-21400,TEC-MA-10001127,6999.96,4,0.00,2239.99
6634,CA-2016-166275,10/24/2016,10/24/2016,"Same Day",SS-20590,TEC-AC-10001838,199.99,1,0.00,86.00
6636,CA-2017-144498,5/6/2017,5/6/2017,"Same Day",MB-18085,TEC-PH-10004977,627.17,4,0.20,70.56
6678,CA-2015-109337,11/21/2015,11/23/2015,"Second Class",DL-13330,TEC-AC-10000990,393.54,3,0.00,165.29
6696,US-2016-155103,12/2/2016,12/7/2016,"Standard Class",JF-15190,OFF-BI-10004318,415.18,3,0.20,134.93
6731,CA-2015-156734,6/18/2015,6/20/2015,"First Class",BV-11245,FUR-CH-10002965,643.14,4,0.20,56.27
6747,CA-2017-159156,11/13/2017,11/16/2017,"First Class",KB-16600,TEC-PH-10004389,629.95,5,0.00,163.79
6757,CA-2017-124205,9/15/2017,9/19/2017,"Standard Class",TC-21145,FUR-CH-10003606,512.96,4,0.00,143.63
6765,CA-2016-144764,9/2/2016,9/8/2016,"Standard Class",RL-19615,TEC-MA-10003230,1362.90,3,0.30,-19.47
6766,CA-2017-100615,4/20/2017,4/24/2017,"Standard Class",SJ-20215,FUR-CH-10002602,317.06,3,0.30,-18.12
6777,US-2016-152373,9/5/2016,9/11/2016,"Standard Class",PT-19090,OFF-ST-10003479,93.46,3,0.20,-17.52
6818,CA-2014-144414,6/17/2014,6/21/2014,"Standard Class",GH-14425,OFF-BI-10004995,3266.38,3,0.20,1061.57
6827,CA-2016-118689,10/2/2016,10/9/2016,"Standard Class",TC-20980,TEC-CO-10004722,17499.95,5,0.00,8399.98
6839,CA-2017-107517,2/5/2017,2/9/2017,"Standard Class",FC-14335,OFF-AP-10000275,1640.70,5,0.00,459.40
6851,US-2016-100461,1/8/2016,1/12/2016,"Standard Class",JO-15145,FUR-BO-10002545,1565.88,6,0.00,407.13
6854,US-2017-162670,12/23/2017,12/28/2017,"Second Class",MF-18250,TEC-PH-10003601,494.97,3,0.00,148.49
6869,US-2016-126452,8/21/2016,8/28/2016,"Standard Class",SC-20230,FUR-TA-10003569,2887.06,9,0.20,180.44
6877,US-2016-121013,9/5/2016,9/10/2016,"Standard Class",MM-17920,FUR-TA-10003238,1652.94,3,0.00,314.06
6880,CA-2015-137113,12/1/2015,12/5/2015,"Second Class",TW-21025,FUR-CH-10001215,2003.92,5,0.20,125.25
6885,CA-2015-120677,5/31/2015,6/4/2015,"Standard Class",BD-11320,FUR-CH-10002320,2567.84,8,0.00,770.35
6895,CA-2017-164756,9/18/2017,9/22/2017,"Standard Class",SS-20140,TEC-PH-10002447,411.98,2,0.00,119.47
6899,US-2015-165512,5/24/2015,5/26/2015,"Second Class",VS-21820,FUR-CH-10002880,602.65,7,0.30,-163.58
6902,US-2017-135013,7/24/2017,7/24/2017,"Same Day",HR-14830,TEC-CO-10001449,2399.96,5,0.20,839.99
6918,CA-2014-124247,12/16/2014,12/21/2014,"Standard Class",SH-20635,FUR-CH-10001854,1403.92,5,0.20,70.20
6923,CA-2015-134257,3/16/2015,3/19/2015,"Second Class",MS-17710,OFF-LA-10003930,491.55,5,0.00,240.86
6930,CA-2016-140382,6/23/2016,6/25/2016,"Second Class",RD-19900,TEC-PH-10003012,862.34,7,0.20,97.01
6944,CA-2015-139248,7/25/2015,7/30/2015,"Standard Class",RD-19930,TEC-PH-10004094,623.96,5,0.20,39.00
6955,CA-2015-129917,10/2/2015,10/3/2015,"First Class",HM-14980,TEC-PH-10000369,503.96,5,0.20,50.40
6958,CA-2016-157588,7/14/2016,7/19/2016,"Standard Class",AR-10570,FUR-FU-10004848,51.75,1,0.00,15.53
7009,CA-2015-154823,8/21/2015,8/25/2015,"Standard Class",KN-16390,FUR-CH-10003379,598.46,3,0.30,-42.75
7037,CA-2014-124618,5/2/2014,5/4/2014,"Second Class",CS-11860,TEC-CO-10004202,479.98,2,0.20,90.00
7066,CA-2014-106726,12/6/2014,12/8/2014,"First Class",RS-19765,OFF-ST-10001496,1261.33,7,0.00,327.95
7085,CA-2017-118724,7/21/2017,7/25/2017,"Second Class",AR-10825,TEC-PH-10002549,1626.19,9,0.20,121.96
7099,CA-2017-144596,11/6/2017,11/10/2017,"Standard Class",CD-11980,OFF-PA-10003302,318.96,9,0.00,149.91
7102,CA-2016-144337,8/1/2016,8/5/2016,"Second Class",SG-20890,OFF-PA-10000249,19.65,2,0.20,6.63
7115,US-2016-102239,5/5/2016,5/6/2016,"First Class",LW-16990,FUR-TA-10003392,1685.88,6,0.00,320.32
7133,CA-2017-141439,11/26/2017,12/1/2017,"Standard Class",TT-21460,TEC-PH-10002624,1879.96,4,0.00,545.19
7140,CA-2015-163965,11/20/2015,11/27/2015,"Standard Class",SS-20875,FUR-BO-10001337,290.35,3,0.20,-36.29
7144,US-2017-141558,3/11/2017,3/16/2017,"Standard Class",MH-17290,TEC-PH-10002555,776.85,5,0.40,-181.27
7152,CA-2017-142909,12/22/2017,12/25/2017,"Second Class",AG-10330,FUR-TA-10003008,182.55,2,0.50,-135.09
7174,US-2017-141677,3/26/2017,3/30/2017,"Standard Class",HK-14890,TEC-CO-10002313,2399.96,5,0.20,569.99
7184,CA-2017-128853,4/21/2017,4/23/2017,"First Class",JM-15250,FUR-CH-10004218,908.82,9,0.00,227.21
7203,CA-2016-120369,10/28/2016,10/28/2016,"Same Day",VB-21745,FUR-FU-10003806,756.80,5,0.00,75.68
7219,CA-2015-150770,5/3/2015,5/6/2015,"First Class",LC-16870,TEC-AC-10000844,339.96,4,0.00,122.39
7228,CA-2017-127397,2/24/2017,2/28/2017,"Standard Class",ES-14080,TEC-AC-10003033,1319.80,5,0.20,214.47
7244,CA-2017-118892,8/17/2017,8/22/2017,"Second Class",TP-21415,FUR-CH-10002024,4416.17,9,0.30,-630.88
7251,CA-2015-158491,6/4/2015,6/9/2015,"Second Class",BP-11155,TEC-AC-10003870,989.97,3,0.00,395.99
7279,CA-2016-157217,7/19/2016,7/21/2016,"First Class",TC-21535,TEC-AC-10003095,389.97,3,0.00,132.59
7281,CA-2015-162782,2/21/2015,2/27/2015,"Standard Class",PW-19240,OFF-BI-10003527,2541.98,2,0.00,1270.99
7289,CA-2014-158281,9/2/2014,9/7/2014,"Standard Class",AG-10525,TEC-MA-10002210,559.71,3,0.40,-121.27
7320,CA-2017-100097,11/26/2017,11/29/2017,"Second Class",MN-17935,TEC-PH-10002310,979.95,5,0.00,264.59
7330,US-2014-131275,3/18/2014,3/24/2014,"Standard Class",SC-20050,OFF-ST-10000078,1856.19,7,0.00,334.11
7336,CA-2015-113152,12/25/2015,12/30/2015,"Standard Class",JK-15625,TEC-AC-10002049,843.90,2,0.00,371.32
7345,CA-2017-168389,12/11/2017,12/17/2017,"Standard Class",DV-13045,FUR-TA-10004289,721.88,6,0.45,-420.00
7360,US-2014-115189,12/30/2014,1/3/2015,"Second Class",AR-10345,FUR-TA-10004575,523.76,3,0.40,-192.05
7388,CA-2016-105732,9/13/2016,9/18/2016,"Standard Class",AG-10270,FUR-FU-10003664,1336.44,14,0.00,387.57
7397,CA-2016-110975,12/25/2016,12/30/2016,"Standard Class",DB-12970,FUR-CH-10003746,866.65,3,0.10,173.33
7398,CA-2014-141649,9/30/2014,9/30/2014,"Same Day",DM-12955,OFF-AP-10003217,795.41,6,0.20,59.66
7412,CA-2017-121125,5/30/2017,6/3/2017,"Standard Class",MG-17890,TEC-PH-10001619,156.79,1,0.20,17.64
7448,CA-2017-127474,2/3/2017,2/7/2017,"Second Class",RD-19810,OFF-PA-10000418,419.40,5,0.20,146.79
7453,CA-2017-105669,9/17/2017,9/22/2017,"Second Class",SJ-20125,TEC-PH-10002415,1415.76,6,0.20,88.49
7459,CA-2015-137974,4/16/2015,4/18/2015,"First Class",LL-16840,FUR-FU-10001468,1196.86,7,0.00,119.69
7473,CA-2016-139997,7/1/2016,7/3/2016,"First Class",EM-14140,TEC-CO-10000971,1499.95,5,0.00,449.99
7488,US-2015-134558,12/19/2015,12/24/2015,"Second Class",PM-19135,TEC-AC-10004145,2249.91,9,0.00,517.48
7545,US-2017-112347,12/2/2017,12/6/2017,"Standard Class",BS-11380,FUR-CH-10002335,906.68,5,0.20,68.00
7552,CA-2014-140396,11/20/2014,11/25/2014,"Standard Class",KH-16330,TEC-PH-10004447,833.94,6,0.00,216.82
7555,CA-2014-114181,5/10/2014,5/14/2014,"Second Class",AF-10885,FUR-BO-10004467,349.97,7,0.50,-216.98
7563,US-2016-104815,9/3/2016,9/7/2016,"Standard Class",RB-19570,FUR-BO-10003894,198.74,4,0.30,0.00
7579,CA-2016-138597,12/18/2016,12/21/2016,"First Class",PN-18775,FUR-CH-10004997,563.94,3,0.00,112.79
7580,CA-2015-123113,11/23/2015,11/27/2015,"Second Class",AT-10735,OFF-AP-10000275,2625.12,8,0.00,735.03
7584,CA-2014-163223,3/21/2014,3/25/2014,"Standard Class",KH-16690,TEC-PH-10000730,3499.93,7,0.00,909.98
7594,CA-2016-158778,9/5/2016,9/9/2016,"Standard Class",DB-13210,FUR-CH-10000309,887.27,3,0.30,-63.38
7607,CA-2016-101791,5/27/2016,5/31/2016,"Standard Class",BS-11665,OFF-ST-10001496,1297.37,9,0.20,97.30
7633,US-2017-158526,12/29/2017,1/1/2018,"Second Class",KH-16360,FUR-CH-10002602,1207.84,8,0.00,314.04
7647,US-2014-115196,9/9/2014,9/13/2014,"Standard Class",DL-12925,TEC-MA-10002073,1299.99,2,0.50,-572.00
7650,CA-2015-101889,12/27/2015,12/31/2015,"Standard Class",DB-13120,FUR-TA-10004154,1548.99,9,0.40,-464.70
7667,US-2016-140158,10/4/2016,10/8/2016,"Standard Class",DR-12940,TEC-CO-10001449,5399.91,9,0.00,2591.96
7680,CA-2014-133592,12/31/2014,1/7/2015,"Standard Class",KM-16375,TEC-AC-10002049,1687.80,4,0.00,742.63
7684,CA-2015-120782,4/28/2015,5/1/2015,"First Class",SD-20485,OFF-BI-10003527,3812.97,3,0.00,1906.49
7706,CA-2016-114601,8/26/2016,9/2/2016,"Standard Class",AA-10480,TEC-AC-10003911,479.97,3,0.00,163.19
7757,CA-2017-100902,11/17/2017,11/21/2017,"Standard Class",CK-12595,TEC-AC-10003174,431.16,5,0.20,107.79
7766,US-2017-118941,8/12/2017,8/12/2017,"Same Day",BB-11545,FUR-CH-10002331,1779.90,5,0.00,373.78
7769,CA-2017-154088,11/12/2017,11/17/2017,"Standard Class",LB-16735,OFF-PA-10003651,26.72,5,0.20,9.35
7773,CA-2016-108196,11/25/2016,12/2/2016,"Standard Class",CS-12505,TEC-MA-10000418,4499.99,5,0.70,-6599.98
7784,CA-2016-162236,11/4/2016,11/6/2016,"Second Class",ER-13855,FUR-TA-10002533,876.30,10,0.40,-292.10
7801,CA-2017-157413,6/1/2017,6/6/2017,"Standard Class",BW-11065,OFF-ST-10002756,324.74,3,0.20,-77.13
7815,US-2017-109316,6/8/2017,6/10/2017,"First Class",MG-17680,FUR-BO-10004834,1497.67,2,0.15,140.96
7819,CA-2016-138478,10/21/2016,10/26/2016,"Second Class",DP-13390,OFF-BI-10001120,4535.98,3,0.20,1644.29
7821,CA-2017-152436,12/8/2017,12/10/2017,"Second Class",CW-11905,OFF-ST-10000036,592.74,6,0.00,160.04
7841,US-2014-137869,3/28/2014,4/2/2014,"Standard Class",CV-12295,FUR-TA-10003954,1184.72,4,0.00,106.62
7844,CA-2014-158470,4/19/2014,4/23/2014,"Second Class",AG-10390,OFF-PA-10001569,71.28,11,0.00,34.21
7847,CA-2015-125976,9/27/2015,10/2/2015,"Standard Class",JK-15205,TEC-PH-10002496,1871.88,12,0.00,561.56
7873,CA-2016-101672,10/3/2016,10/7/2016,"Standard Class",DB-12910,FUR-CH-10004063,915.14,4,0.20,102.95
7899,CA-2017-128363,8/13/2017,8/18/2017,"Standard Class",DC-12850,OFF-BI-10001359,1614.58,6,0.70,-1237.85
7909,CA-2016-149762,12/3/2016,12/7/2016,"Standard Class",RD-19720,FUR-TA-10004147,268.70,3,0.20,6.72
7915,CA-2017-165323,6/17/2017,6/21/2017,"Standard Class",SR-20740,TEC-MA-10003673,3404.50,5,0.00,1668.21
7917,CA-2015-110891,11/20/2015,11/24/2015,"Standard Class",PO-19195,FUR-CH-10002880,344.37,4,0.30,-93.47
7930,CA-2017-167549,7/25/2017,7/27/2017,"First Class",EM-14200,FUR-TA-10004767,298.12,6,0.30,-4.26
7938,CA-2017-166093,8/17/2017,8/24/2017,"Standard Class",RW-19540,OFF-AP-10001058,2518.29,9,0.00,654.76
7953,CA-2015-145814,11/19/2015,11/24/2015,"Standard Class",KD-16345,TEC-PH-10002200,861.76,4,0.00,249.91
7956,CA-2017-131807,10/5/2017,10/10/2017,"Standard Class",GG-14650,FUR-CH-10001190,435.17,4,0.20,-59.84
7964,CA-2017-104864,11/18/2017,11/23/2017,"Second Class",JS-15685,OFF-AP-10002684,389.06,4,0.20,48.63
7983,CA-2014-113383,9/10/2014,9/13/2014,"First Class",SF-20065,FUR-FU-10001986,254.90,5,0.00,76.47
7998,US-2017-105998,11/3/2017,11/5/2017,"First Class",CR-12580,FUR-TA-10001095,1673.18,12,0.20,20.91
8010,CA-2015-110863,11/17/2015,11/24/2015,"Standard Class",AA-10645,FUR-CH-10002073,1323.90,5,0.00,383.93
8029,CA-2015-132465,9/11/2015,9/15/2015,"Second Class",DM-13525,OFF-ST-10001932,772.68,4,0.00,108.18
8041,CA-2017-121489,8/21/2017,8/25/2017,"Second Class",CM-11815,OFF-ST-10000025,572.58,6,0.00,34.35
8101,CA-2016-169663,3/10/2016,3/13/2016,"First Class",RH-19510,TEC-MA-10000984,3357.60,3,0.20,377.73
8103,CA-2015-149846,5/22/2015,5/26/2015,"Standard Class",SB-20185,TEC-MA-10004002,2973.32,7,0.20,334.50
8108,CA-2017-159149,2/17/2017,2/19/2017,"First Class",CR-12820,TEC-PH-10000038,438.34,4,0.20,-87.67
8119,US-2017-106551,7/22/2017,7/27/2017,"Standard Class",EB-13930,FUR-CH-10004997,526.34,4,0.30,-75.19
8121,CA-2016-116722,11/11/2016,11/16/2016,"Standard Class",LP-17080,FUR-CH-10004997,451.15,3,0.20,0.00
8137,CA-2016-118073,8/12/2016,8/16/2016,"Standard Class",CS-12490,FUR-TA-10002533,562.29,7,0.45,-255.59
8140,CA-2016-102561,7/18/2016,7/22/2016,"Standard Class",NK-18490,OFF-ST-10001476,284.08,10,0.20,24.86
8144,CA-2016-100993,2/5/2016,2/10/2016,"Standard Class",AZ-10750,FUR-TA-10001095,557.73,4,0.20,6.97
8154,CA-2017-140151,3/23/2017,3/25/2017,"First Class",RB-19360,TEC-CO-10004722,13999.96,4,0.00,6719.98
8157,CA-2016-131296,10/4/2016,10/9/2016,"Standard Class",MS-17830,FUR-TA-10002622,239.37,2,0.30,-23.94
8158,CA-2016-103464,11/18/2016,11/22/2016,"Standard Class",PG-18820,TEC-AC-10002842,595.00,5,0.00,95.20
8163,CA-2015-120915,9/28/2015,10/3/2015,"Second Class",JJ-15445,TEC-PH-10003012,307.98,2,0.00,89.31
8181,CA-2015-119879,11/21/2015,11/25/2015,"Standard Class",SS-20410,FUR-TA-10002958,1252.70,8,0.40,-480.20
8205,CA-2015-114811,11/8/2015,11/8/2015,"Same Day",KD-16495,TEC-MA-10000045,4643.80,4,0.00,2229.02
8209,CA-2015-141565,9/20/2015,9/24/2015,"Standard Class",BG-11035,OFF-BI-10000545,1369.76,6,0.70,-913.18
8232,CA-2016-162355,6/30/2016,7/2/2016,"Second Class",PF-19165,FUR-BO-10004695,1266.86,7,0.00,291.38
8244,CA-2014-109897,8/12/2014,8/16/2014,"Standard Class",BW-11200,TEC-PH-10003691,806.34,8,0.20,50.40
8249,CA-2016-133816,5/10/2016,5/13/2016,"Second Class",CS-12400,TEC-PH-10001795,743.99,2,0.40,-124.00
8270,CA-2017-121790,1/30/2017,2/6/2017,"Standard Class",LP-17095,TEC-PH-10002584,2003.17,4,0.20,250.40
8272,CA-2016-169670,12/25/2016,12/31/2016,"Standard Class",JE-15715,FUR-CH-10002331,2563.06,8,0.10,313.26
8280,CA-2017-146192,4/22/2017,4/26/2017,"Standard Class",BD-11725,OFF-ST-10003716,675.06,3,0.00,87.76
8285,CA-2015-154284,12/21/2015,12/26/2015,"Second Class",SZ-20035,TEC-AC-10003198,637.44,8,0.20,135.46
8302,US-2017-167318,7/26/2017,8/1/2017,"Standard Class",GZ-14545,TEC-AC-10003870,1649.95,5,0.00,659.98
8305,CA-2017-135419,11/3/2017,11/9/2017,"Standard Class",BG-11740,FUR-TA-10001086,486.37,4,0.20,36.48
8313,US-2017-105935,1/26/2017,1/31/2017,"Standard Class",BD-11500,TEC-PH-10001459,2939.93,7,0.00,764.38
8363,CA-2017-147207,1/2/2017,1/4/2017,"Second Class",TS-21655,FUR-TA-10002958,913.43,5,0.30,-169.64
8365,CA-2017-137631,4/28/2017,5/2/2017,"Standard Class",JL-15235,TEC-PH-10002624,751.98,2,0.20,84.60
8383,CA-2016-163048,2/8/2016,2/15/2016,"Standard Class",MH-17440,FUR-CH-10001270,241.50,4,0.30,0.00
8395,CA-2016-142594,12/1/2016,12/6/2016,"Second Class",EJ-14155,OFF-AP-10002945,901.95,3,0.00,297.64
8401,CA-2015-110814,12/5/2015,12/9/2015,"Second Class",BD-11635,OFF-BI-10002026,232.40,5,0.20,78.44
8409,CA-2017-140480,7/8/2017,7/12/2017,"Standard Class",HE-14800,OFF-AR-10004010,174.95,5,0.00,45.49
8411,CA-2016-130820,11/15/2016,11/15/2016,"Same Day",ON-18715,FUR-TA-10001768,630.02,4,0.40,-199.51
8425,CA-2017-150091,10/12/2017,10/16/2017,"Standard Class",NP-18670,FUR-BO-10003404,2154.90,5,0.00,129.29
8452,CA-2014-131387,4/28/2014,4/30/2014,"First Class",AI-10855,TEC-PH-10001459,1679.96,5,0.20,126.00
8454,CA-2016-125087,4/18/2016,4/23/2016,"Standard Class",TH-21115,OFF-ST-10001780,1554.94,3,0.20,77.75
8467,CA-2015-101000,4/9/2015,4/14/2015,"Standard Class",IG-15085,OFF-AP-10000179,370.14,3,0.00,144.35
8469,US-2016-164196,11/11/2016,11/17/2016,"Standard Class",AS-10285,FUR-TA-10001950,2678.94,6,0.00,241.10
8478,CA-2015-145758,10/30/2015,10/30/2015,"Same Day",BF-11020,TEC-MA-10004552,1035.80,4,0.00,269.31
8489,CA-2016-158841,2/2/2016,2/4/2016,"Second Class",SE-20110,TEC-MA-10001127,8749.95,5,0.00,2799.98
8498,CA-2014-169061,3/5/2014,3/8/2014,"Second Class",AB-10150,TEC-AC-10002001,479.97,3,0.00,177.59
8521,CA-2017-118003,12/4/2017,12/10/2017,"Standard Class",DO-13645,FUR-CH-10004860,302.94,3,0.00,18.18
8540,CA-2017-147354,3/9/2017,3/13/2017,"Standard Class",KB-16315,TEC-CO-10000971,479.98,2,0.20,60.00
8555,CA-2016-102092,12/9/2016,12/11/2016,"First Class",PM-18940,FUR-TA-10002530,1056.86,7,0.00,158.53
8556,CA-2015-117884,3/22/2015,3/22/2015,"Same Day",DC-13285,TEC-AC-10002567,447.94,7,0.20,89.59
8563,CA-2016-123540,4/2/2016,4/6/2016,"Second Class",DJ-13420,FUR-CH-10000847,1454.90,5,0.00,378.27
8569,CA-2016-162390,12/6/2016,12/12/2016,"Standard Class",DP-13105,OFF-BI-10004318,968.74,7,0.20,314.84
8573,CA-2014-121629,11/28/2014,12/2/2014,"Standard Class",BT-11680,TEC-MA-10004679,998.85,5,0.40,-199.77
8578,CA-2017-146164,12/22/2017,12/26/2017,"Standard Class",CM-12190,FUR-TA-10004915,607.52,2,0.00,97.20
8587,CA-2017-162015,7/11/2017,7/18/2017,"Standard Class",KB-16240,TEC-AC-10003832,1287.45,5,0.00,244.62
8610,CA-2014-151946,6/4/2014,6/9/2014,"Standard Class",BT-11440,FUR-BO-10003272,353.57,2,0.20,-44.20
8633,CA-2016-107783,7/28/2016,7/29/2016,"First Class",OT-18730,OFF-BI-10000545,1369.76,6,0.70,-913.18
8637,CA-2014-160094,4/30/2014,5/2/2014,"First Class",JM-16195,OFF-ST-10000585,826.00,5,0.00,214.76
8649,CA-2016-164574,7/29/2016,8/3/2016,"Standard Class",RH-19555,OFF-ST-10003816,704.76,5,0.20,26.43
8661,CA-2017-124765,11/25/2017,11/30/2017,"Standard Class",HZ-14950,FUR-BO-10003965,723.92,5,0.20,-81.44
8667,CA-2016-163951,12/30/2016,1/2/2017,"First Class",CJ-11875,OFF-AR-10004269,16.52,5,0.20,1.65
8674,CA-2017-163265,2/16/2017,2/21/2017,"Standard Class",JS-16030,FUR-CH-10004063,600.56,3,0.30,-8.58
8681,CA-2016-143805,12/1/2016,12/3/2016,"Second Class",JD-15895,OFF-AP-10002945,2104.55,7,0.00,694.50
8693,CA-2016-136770,8/14/2016,8/18/2016,"Standard Class",SP-20650,TEC-AC-10000420,279.96,5,0.20,48.99
8700,CA-2017-119284,6/15/2017,6/20/2017,"Standard Class",TS-21205,TEC-PH-10000560,2239.94,8,0.20,223.99
8735,CA-2017-116988,6/27/2017,6/29/2017,"Second Class",PW-19030,TEC-AC-10003832,1287.45,5,0.00,244.62
8750,US-2015-163825,6/16/2015,6/19/2015,"First Class",LC-16885,OFF-BI-10003527,3050.38,3,0.20,1143.89
8761,CA-2016-159891,1/31/2016,2/6/2016,"Standard Class",BF-11170,OFF-BI-10003527,1270.99,1,0.00,635.50
8772,CA-2017-115882,9/14/2017,9/17/2017,"First Class",DB-13555,OFF-AP-10002534,942.78,4,0.20,94.28
8782,CA-2015-133585,3/1/2015,3/4/2015,"First Class",CM-12715,FUR-BO-10001811,1228.00,6,0.32,-36.12
8792,CA-2017-162075,3/18/2017,3/24/2017,"Standard Class",TT-21220,TEC-PH-10001557,537.54,7,0.20,47.04
8795,CA-2014-162992,12/19/2014,12/21/2014,"First Class",BP-11095,TEC-PH-10001944,583.80,5,0.20,72.98
8799,US-2016-150140,4/6/2016,4/10/2016,"Standard Class",VM-21685,TEC-PH-10002555,1294.75,5,0.00,336.64
8800,CA-2014-116666,5/8/2014,5/10/2014,"First Class",KT-16480,TEC-CO-10001449,1799.97,5,0.40,240.00
8803,CA-2016-140935,11/10/2016,11/12/2016,"First Class",AB-10015,FUR-BO-10003966,341.96,2,0.00,54.71
8821,CA-2017-100622,11/3/2017,11/7/2017,"Standard Class",DK-13090,TEC-CO-10003236,959.98,2,0.20,311.99
8833,CA-2015-153423,6/22/2015,6/27/2015,"Standard Class",SW-20455,OFF-BI-10000545,1217.57,2,0.20,456.59
8859,CA-2017-135909,10/13/2017,10/20/2017,"Standard Class",JW-15220,OFF-BI-10003527,5083.96,5,0.20,1906.49
8869,CA-2016-158260,11/4/2016,11/8/2016,"Standard Class",CC-12475,TEC-MA-10003176,686.40,2,0.20,77.22
8872,CA-2017-101805,12/1/2017,12/6/2017,"Standard Class",SH-19975,OFF-ST-10002756,541.24,4,0.00,5.41
8881,US-2015-107944,3/23/2015,3/25/2015,"First Class",AM-10360,TEC-AC-10000736,239.97,3,0.00,86.39
8891,CA-2016-147256,10/17/2016,10/21/2016,"Second Class",FC-14245,OFF-AP-10003057,1927.59,7,0.00,751.76
8893,CA-2015-111038,12/1/2015,12/6/2015,"Standard Class",LC-16960,FUR-CH-10003973,2676.67,9,0.20,267.67
8899,CA-2015-163237,8/7/2015,8/9/2015,"Second Class",EM-14095,TEC-PH-10003601,494.97,3,0.00,148.49
8915,US-2016-144057,5/9/2016,5/13/2016,"Standard Class",CV-12805,OFF-ST-10001490,856.66,6,0.20,107.08
8925,CA-2016-168032,1/30/2016,2/3/2016,"Standard Class",DF-13135,TEC-PH-10004241,1439.97,4,0.20,144.00
8936,CA-2017-130036,8/27/2017,8/27/2017,"Same Day",BP-11185,TEC-AC-10001908,1119.89,14,0.20,209.98
8944,CA-2017-111717,10/10/2017,10/16/2017,"Standard Class",SW-20245,FUR-CH-10001545,239.36,3,0.30,-47.87
8950,CA-2017-150910,12/22/2017,12/28/2017,"Standard Class",JL-15130,FUR-TA-10002903,934.96,6,0.40,-249.32
8958,CA-2017-105620,12/25/2017,12/28/2017,"First Class",JH-15430,TEC-MA-10004626,120.00,2,0.50,-7.20
8965,CA-2016-157280,11/5/2016,11/7/2016,"First Class",LW-17125,FUR-FU-10003806,756.80,5,0.00,75.68
8991,US-2015-128587,12/24/2015,12/30/2015,"Standard Class",HM-14860,TEC-CO-10003763,4899.93,7,0.00,2302.97
8994,CA-2017-159100,10/16/2017,10/21/2017,"Standard Class",VP-21760,FUR-TA-10001950,1875.26,7,0.40,-968.88
9040,CA-2016-117121,12/17/2016,12/21/2016,"Standard Class",AB-10105,OFF-BI-10000545,9892.74,13,0.00,4946.37
9042,CA-2014-114335,9/28/2014,10/3/2014,"Standard Class",XP-21865,FUR-FU-10000277,337.09,4,0.20,16.85
9044,CA-2016-168830,11/7/2016,11/13/2016,"Standard Class",ML-17395,TEC-AC-10003911,479.97,3,0.00,163.19
9057,CA-2015-160227,11/2/2015,11/4/2015,"First Class",ED-13885,FUR-CH-10002073,2621.32,11,0.10,553.39
9093,CA-2015-162950,6/28/2015,7/3/2015,"Second Class",DW-13585,FUR-BO-10001918,482.94,6,0.50,-376.69
9110,CA-2015-132941,5/25/2015,5/28/2015,"First Class",MM-18280,TEC-AC-10003095,207.98,2,0.20,36.40
9118,CA-2017-153045,1/19/2017,1/24/2017,"Second Class",NS-18505,FUR-CH-10000309,887.27,3,0.30,-63.38
9140,CA-2014-106971,9/2/2014,9/8/2014,"Standard Class",BM-11785,TEC-AC-10000844,475.94,7,0.20,95.19
9142,CA-2016-139409,9/5/2016,9/7/2016,"First Class",FW-14395,TEC-PH-10003988,43.60,4,0.00,12.21
9149,US-2016-165505,1/23/2016,1/27/2016,"Standard Class",CB-12535,OFF-ST-10001526,1564.29,13,0.00,406.72
9166,CA-2016-100300,6/24/2016,6/26/2016,"Second Class",MJ-17740,TEC-MA-10000984,4476.80,4,0.20,503.64
9173,US-2016-155768,12/1/2016,12/1/2016,"Same Day",LB-16795,OFF-ST-10002292,1112.94,3,0.00,222.59
9187,CA-2017-156776,8/7/2017,8/11/2017,"Standard Class",JL-15505,OFF-AP-10002534,1473.10,5,0.00,412.47
9194,CA-2015-141810,11/2/2015,11/7/2015,"Standard Class",BB-10990,TEC-PH-10002200,344.70,2,0.20,38.78
9198,CA-2014-103310,5/10/2014,5/15/2014,"Standard Class",GM-14680,TEC-PH-10001817,1432.00,5,0.20,125.30
9222,CA-2017-103212,10/13/2017,10/14/2017,"First Class",MH-18025,FUR-TA-10003473,1504.52,4,0.00,346.04
9250,CA-2016-127761,11/10/2016,11/14/2016,"Standard Class",SW-20275,TEC-PH-10003691,881.93,7,0.00,220.48
9258,CA-2014-168368,2/11/2014,2/15/2014,"Second Class",GA-14725,FUR-FU-10002298,332.94,3,0.00,53.27
9263,CA-2015-124499,10/9/2015,10/13/2015,"Standard Class",FM-14380,FUR-CH-10000513,389.97,3,0.00,35.10
9271,US-2017-102183,8/21/2017,8/28/2017,"Standard Class",PK-19075,OFF-BI-10001359,4305.55,6,0.20,1453.12
9274,CA-2017-146983,9/2/2017,9/6/2017,"Standard Class",AH-10210,OFF-BI-10003650,1577.94,3,0.00,757.41
9281,CA-2016-166772,9/20/2016,9/24/2016,"Standard Class",HJ-14875,FUR-BO-10002853,163.88,2,0.00,40.97
9289,US-2017-165456,11/30/2017,12/3/2017,"First Class",TB-21625,FUR-CH-10003981,1079.32,6,0.30,-15.42
9325,CA-2017-121853,9/23/2017,9/29/2017,"Standard Class",DB-13660,FUR-CH-10003973,594.82,2,0.20,59.48
9349,CA-2016-114860,12/22/2016,12/28/2016,"Standard Class",DN-13690,FUR-FU-10000277,842.72,8,0.00,202.25
9365,CA-2017-111591,3/21/2017,3/25/2017,"Standard Class",PS-18970,OFF-ST-10001809,359.32,4,0.00,7.19
9368,CA-2014-108147,6/8/2014,6/13/2014,"Standard Class",RD-19480,OFF-ST-10003470,1676.88,6,0.00,83.84
9389,US-2017-127292,1/19/2017,1/23/2017,"Standard Class",RM-19375,OFF-AP-10000828,542.94,3,0.00,152.02
9399,CA-2014-125997,9/20/2014,9/23/2014,"First Class",MW-18220,TEC-PH-10003072,1349.91,9,0.00,661.46
9408,CA-2017-162789,9/22/2017,9/24/2017,"Second Class",LC-17140,TEC-AC-10002842,1071.00,9,0.00,171.36
9413,CA-2015-164777,1/27/2015,1/29/2015,"First Class",SC-20305,FUR-CH-10002024,2803.92,5,0.20,0.00
9426,CA-2014-116246,9/12/2014,9/17/2014,"Second Class",LW-17215,FUR-CH-10002024,3785.29,6,0.10,420.59
9442,CA-2014-165477,12/29/2014,12/31/2014,"Second Class",RE-19405,OFF-AP-10003281,48.36,5,0.20,6.05
9489,CA-2015-156566,10/1/2015,10/4/2015,"First Class",EM-13960,TEC-PH-10001817,572.80,2,0.20,50.12
9494,CA-2016-105207,1/3/2016,1/8/2016,"Standard Class",BO-11350,FUR-TA-10000617,1592.85,7,0.00,350.43
9514,CA-2016-125220,10/14/2016,10/19/2016,"Standard Class",BE-11410,TEC-AC-10003033,1649.75,5,0.00,544.42
9526,CA-2017-156958,12/5/2017,12/6/2017,"First Class",PB-18805,FUR-FU-10003268,199.90,5,0.00,39.98
9545,CA-2015-135251,8/6/2015,8/10/2015,"Standard Class",RP-19270,FUR-BO-10003965,369.20,3,0.32,-114.02
9552,CA-2015-147690,11/10/2015,11/14/2015,"Standard Class",SC-20020,OFF-ST-10001526,577.58,6,0.20,43.32
9553,CA-2015-163923,5/30/2015,6/3/2015,"Standard Class",BD-11560,TEC-AC-10000358,151.96,4,0.00,36.47
9562,CA-2016-129280,5/3/2016,5/5/2016,"First Class",SM-20905,TEC-AC-10002637,431.98,3,0.20,-75.60
9566,CA-2014-130428,3/31/2014,3/31/2014,"Same Day",TG-21640,FUR-CH-10002965,1125.49,7,0.20,98.48
9577,CA-2015-143147,5/26/2015,5/28/2015,"Second Class",PS-18760,TEC-MA-10004679,399.54,2,0.40,-79.91
9579,CA-2017-152975,9/14/2017,9/16/2017,"First Class",RB-19705,TEC-PH-10004586,1079.85,3,0.00,323.96
9583,CA-2016-107475,6/7/2016,6/11/2016,"Standard Class",RS-19870,OFF-FA-10002988,9.65,6,0.20,3.50
9591,CA-2014-119172,5/11/2014,5/15/2014,"Standard Class",HD-14785,OFF-BI-10002026,104.58,9,0.80,-172.56
9616,CA-2014-128524,11/11/2014,11/13/2014,"First Class",MZ-17515,OFF-BI-10003527,2033.58,2,0.20,762.59
9636,CA-2014-151330,10/14/2014,10/17/2014,"First Class",TC-21295,FUR-CH-10000749,1628.82,9,0.00,260.61
9638,CA-2014-124702,11/18/2014,11/25/2014,"Standard Class",MH-17785,FUR-TA-10003008,730.20,4,0.00,94.93
9640,CA-2015-116638,1/28/2015,1/31/2015,"Second Class",JH-15985,FUR-TA-10000198,4297.64,13,0.40,-1862.31
9650,CA-2016-107104,11/26/2016,11/30/2016,"Standard Class",MS-17365,FUR-BO-10002213,3406.66,8,0.15,160.31
9661,CA-2016-160717,6/6/2016,6/11/2016,"Standard Class",ME-17320,TEC-PH-10001459,3023.93,9,0.20,226.79
9674,CA-2016-114867,12/23/2016,12/28/2016,"Standard Class",FM-14290,TEC-PH-10002645,1499.97,5,0.40,-374.99
9681,CA-2015-130113,12/27/2015,12/31/2015,"Standard Class",AH-10030,TEC-PH-10003505,668.16,9,0.20,75.17
9690,US-2017-135986,6/20/2017,6/27/2017,"Standard Class",PG-18895,TEC-PH-10003691,503.96,4,0.00,125.99
9701,CA-2017-154116,12/15/2017,12/19/2017,"Standard Class",KM-16660,TEC-PH-10000675,196.78,3,0.20,14.76
9713,CA-2014-114251,11/5/2014,11/10/2014,"Standard Class",MD-17350,OFF-ST-10003716,1080.10,6,0.20,-94.51
9728,CA-2017-167395,12/2/2017,12/4/2017,"First Class",KM-16720,TEC-PH-10004977,979.95,5,0.00,284.19
9731,CA-2014-111962,9/29/2014,10/4/2014,"Standard Class",EB-14170,OFF-ST-10000046,807.75,5,0.00,153.47
9737,US-2015-100069,6/29/2015,7/3/2015,"Standard Class",NF-18475,TEC-PH-10004667,269.98,2,0.00,72.89
9742,CA-2015-117086,11/8/2015,11/12/2015,"Standard Class",QJ-19255,FUR-BO-10004834,4404.90,5,0.00,1013.13
9760,CA-2016-146913,10/31/2016,11/5/2016,"Standard Class",SF-20965,FUR-CH-10001854,1403.92,5,0.20,70.20
9775,CA-2014-169019,7/26/2014,7/30/2014,"Standard Class",LF-17185,OFF-BI-10004995,2177.58,8,0.80,-3701.89
9817,CA-2015-162201,6/8/2015,6/12/2015,"Standard Class",AG-10495,OFF-ST-10000046,516.96,4,0.20,-6.46
9834,CA-2017-130302,9/14/2017,9/19/2017,"Standard Class",CY-12745,TEC-AC-10002001,895.94,7,0.20,190.39
9843,US-2016-125402,9/25/2016,10/1/2016,"Standard Class",DL-12865,FUR-CH-10000665,483.14,4,0.20,60.39
9858,CA-2015-164301,3/26/2015,3/30/2015,"Standard Class",EB-13840,FUR-TA-10001889,3393.68,8,0.00,610.86
9877,US-2017-166324,4/20/2017,4/21/2017,"First Class",BE-11455,OFF-ST-10000078,848.54,4,0.20,-21.21
9880,CA-2016-122581,8/21/2016,8/25/2016,"Standard Class",JK-15370,FUR-CH-10002961,573.17,7,0.10,63.69
9901,CA-2017-117646,8/21/2017,8/25/2017,"Standard Class",SC-20845,OFF-ST-10000036,237.10,3,0.20,20.75
9908,US-2015-129007,9/13/2015,9/15/2015,"First Class",KD-16615,FUR-CH-10000155,717.72,3,0.20,71.77
9926,CA-2015-159534,3/20/2015,3/23/2015,"First Class",DH-13075,OFF-BI-10003656,1087.94,8,0.20,353.58
9930,CA-2016-129630,9/4/2016,9/4/2016,"Same Day",IM-15055,TEC-CO-10003763,2799.96,5,0.20,944.99
9949,CA-2017-121559,6/1/2017,6/3/2017,"Second Class",HW-14935,OFF-AP-10002945,2405.20,8,0.00,793.72
9969,CA-2017-153871,12/11/2017,12/17/2017,"Standard Class",RB-19435,OFF-BI-10004600,735.98,2,0.00,331.19
9980,US-2016-103674,12/6/2016,12/10/2016,"Standard Class",AP-10720,OFF-BI-10002026,437.47,14,0.20,153.12
